Season,Date,HomeTeam,AwayTeam,B365H,B365D,B365A,Referee,Day Of Week,Round,Days,Shots,ShotsOT,Corners,Fouls,YCards,RCards,GoalsScored,GoalsConceded,GoalsDiff,HTGoalsScored,HTGoalsConceded,HTGoalsDiff,Points,WinPercent,WinStreak,UnbPercent,UnbStreak,Def,Mid,Att,Ovr,LastSeasonRank,PromotedMatchup,WinnerOdd,Venue,Result
2022-2023,2022-09-04,united,arsenal,2.5,3.5,2.7,P Tierney,Sun,0,-1,-4.599999999999998,-2.2,-2.8,2.0,1.7999999999999998,0.0,-1.6,0.5999999999999999,-11.0,-0.7999999999999999,1.2,-10.0,-1.2,-40.0,-2.0,-40.0,-2.0,4,3,5,4.0,1,0,-0.20000000000000018,Old Trafford,W
2022-2023,2022-09-18,brentford,arsenal,4.2,3.8,1.8,D Coote,Sun,0,0,-5.000000000000002,-1.0,-1.3999999999999995,-2.5999999999999996,-0.19999999999999996,0.0,0.20000000000000018,0.0,1.0,0.3999999999999999,0.6000000000000001,-1.0,-0.7999999999999998,-40.0,1.0,0.0,3.0,-3,-5,-3,-3.6700000000000017,8,0,2.4000000000000004,Brentford Community Stadium,L
2022-2023,2022-10-16,leeds,arsenal,6.0,4.2,1.55,C Kavanagh,Sun,-1,4,-4.800000000000001,-3.4,-0.6000000000000005,5.800000000000001,0.7999999999999998,0.2,-1.5999999999999999,0.40000000000000013,-10.0,-0.7999999999999999,0.20000000000000007,-5.0,-2.0,-80.0,-3.0,-40.0,-3.0,-3,-4,-5,-4.0,12,0,4.45,Elland Road,L
2022-2023,2022-10-23,southampton,arsenal,6.0,4.0,1.57,R Jones,Sun,1,1,-3.5999999999999996,-2.4,-0.3999999999999999,0.20000000000000107,-0.3999999999999999,0.0,-1.6,0.40000000000000013,-10.0,-0.7999999999999999,0.0,-4.0,-1.5999999999999999,-60.0,-3.0,-40.0,-2.0,-4,-4,-8,-5.340000000000003,10,0,4.43,St Mary's Stadium,D
2022-2023,2022-11-06,chelsea,arsenal,2.55,3.4,2.7,M Oliver,Sun,0,1,-3.0,-1.5999999999999996,-1.0,-1.8000000000000007,0.40000000000000013,0.0,-1.2000000000000002,0.19999999999999996,-7.0,-0.7999999999999999,0.19999999999999996,-5.0,-1.0,-40.0,-1.0,-20.0,-6.0,4,6,0,3.3299999999999983,-2,0,-0.15000000000000036,Stamford Bridge,L
2022-2023,2022-11-12,wolves,arsenal,6.0,4.2,1.55,S Attwell,Sat,1,0,-1.5999999999999996,-1.2000000000000002,0.0,5.0,0.8,0.4,-1.2000000000000002,1.4,-13.0,-0.4,0.6000000000000001,-5.0,-1.8,-60.0,-2.0,-60.0,-7.0,-2,-1,-4,-2.3400000000000034,5,0,4.45,Molineux Stadium,L
2022-2023,2022-12-31,brighton,arsenal,3.4,3.5,2.1,A Taylor,Sat,0,0,-4.0,0.20000000000000018,0.5999999999999996,2.799999999999999,0.6000000000000001,0.0,0.0,1.4,-7.0,1.2000000000000002,0.8,2.0,-0.8,-20.0,-3.0,-40.0,-8.0,-2,-5,-7,-4.670000000000002,4,0,1.2999999999999998,Falmer Stadium,L
2022-2023,2023-01-15,tottenham,arsenal,3.1,3.6,2.2,C Pawson,Sun,1,2,-2.1999999999999993,1.3999999999999995,0.39999999999999947,-0.40000000000000036,-0.6000000000000001,0.0,0.20000000000000018,1.2000000000000002,-5.0,-0.2,0.8,-5.0,-1.2000000000000002,-40.0,1.0,-40.0,-10.0,0,1,1,0.6599999999999966,-1,0,0.8999999999999999,Tottenham Hotspur Stadium,L
2022-2023,2023-02-04,everton,arsenal,8.5,4.5,1.4,D Coote,Sat,1,2,-9.0,-1.8000000000000003,-1.6000000000000005,-2.5999999999999996,-0.19999999999999996,0.0,-1.5999999999999999,1.2000000000000002,-14.0,-0.6,0.6,-6.0,-2.4,-80.0,-2.0,-80.0,-13.0,-2,-3,-3,-2.6700000000000017,11,0,7.1,Goodison Park,W
2022-2023,2023-02-18,aston-villa,arsenal,4.5,3.6,1.5,S Hooper,Sat,0,3,-4.399999999999999,-0.20000000000000018,-0.7999999999999998,0.0,0.19999999999999996,0.0,0.0,0.40000000000000013,-2.0,-0.20000000000000007,0.9999999999999999,-6.0,0.0,0.0,0.0,0.0,0.0,1,-2,-4,-1.6700000000000017,9,0,3.0,Villa Park,L
2022-2023,2023-02-25,leicester,arsenal,4.75,4.0,1.7,C Pawson,Sat,0,-1,-7.000000000000002,-0.6000000000000001,-2.8,2.8000000000000007,1.2000000000000002,0.0,0.19999999999999996,0.19999999999999996,0.0,0.7999999999999999,0.19999999999999996,3.0,0.0,0.0,-1.0,0.0,-1.0,-4,-3,1,-2.0,3,0,3.05,King Power Stadium,L
2022-2023,2023-03-12,fulham,arsenal,6.0,4.0,1.57,D Coote,Sun,0,3,-7.199999999999999,-0.6000000000000005,-4.8,5.800000000000001,1.9999999999999998,0.0,-1.4000000000000001,-0.5999999999999999,-4.0,-0.4,-0.4,0.0,-0.7999999999999998,-40.0,-4.0,0.0,-4.0,-6,-7,-4,-5.659999999999997,16,1,4.43,Craven Cottage,L
2022-2023,2023-04-09,liverpool,arsenal,2.88,3.6,2.38,P Tierney,Sun,-1,-3,-6.0,-1.4000000000000004,-3.2,5.000000000000001,1.8,0.0,-1.6,0.19999999999999996,-9.0,-1.2000000000000002,0.2,-7.0,-1.6,-60.0,-7.0,-40.0,-6.0,4,-1,3,2.0,-3,0,0.5,Anfield,D
2022-2023,2023-04-16,west-ham,arsenal,6.0,4.2,1.55,D Coote,Sun,-1,-4,-7.000000000000002,-3.0000000000000004,-1.1999999999999993,0.8000000000000007,0.3999999999999999,0.0,-2.4000000000000004,0.8,-16.0,-0.8,0.4,-6.0,-1.2000000000000002,-40.0,1.0,-40.0,-7.0,-2,-3,-2,-2.3299999999999983,2,0,4.45,London Stadium,D
2022-2023,2023-04-26,city,arsenal,1.55,4.5,5.25,M Oliver,Wed,-2,-1,-1.1999999999999993,0.0,3.0,0.8000000000000007,0.20000000000000018,0.0,-0.20000000000000018,-1.2000000000000002,5.0,-0.40000000000000013,-0.6000000000000001,1.0,1.2,60.0,6.0,0.0,-1.0,4,4,4,4.0,-4,0,-3.7,Etihad Stadium,W
2022-2023,2023-05-07,newcastle,arsenal,2.45,3.75,2.63,C Kavanagh,Sun,-1,2,2.1999999999999993,-0.1999999999999993,3.5999999999999996,-0.40000000000000036,-1.0,0.0,0.7999999999999998,-1.0,9.0,-0.40000000000000013,-0.6,1.0,1.2,60.0,2.0,0.0,2.0,-1,-5,-2,-2.6599999999999966,6,0,-0.17999999999999972,St. James Park,L
2022-2023,2023-05-20,nottingham,arsenal,5.25,4.33,1.57,A Taylor,Sat,0,1,-5.0,-1.4000000000000004,-2.8000000000000003,1.0,0.5999999999999999,0.0,0.5999999999999999,0.0,3.0,0.19999999999999996,-0.4,3.0,0.0,0.0,0.0,0.0,2.0,-3,-7,-6,-5.329999999999998,18,1,3.6799999999999997,City Ground,W
2022-2023,2022-10-02,leeds,aston-villa,2.35,3.4,3.0,S Attwell,Sun,-1,0,5.199999999999999,1.7999999999999998,2.5999999999999996,0.5999999999999996,0.0,0.0,0.8,0.40000000000000013,2.0,0.19999999999999996,0.19999999999999996,0.0,0.19999999999999996,0.0,-1.0,20.0,-2.0,-4,-2,-1,-2.3299999999999983,3,0,-0.6499999999999999,Elland Road,D
2022-2023,2022-10-10,nottingham,aston-villa,3.3,3.4,2.2,A Taylor,Mon,0,-1,2.200000000000001,-1.1999999999999997,-0.6000000000000005,-0.3999999999999986,0.6000000000000001,0.0,0.20000000000000007,2.8,-13.0,0.39999999999999997,1.2,-4.0,-1.0,-20.0,0.0,-60.0,-3.0,-7,-5,-3,-5.0,9,1,1.0999999999999996,City Ground,D
2022-2023,2022-10-20,fulham,aston-villa,2.9,3.3,2.5,M Oliver,Thu,0,1,-1.799999999999999,-0.6000000000000001,-1.2000000000000002,-4.4,1.0,0.2,1.0,1.8,-4.0,0.0,1.2000000000000002,-6.0,-0.3999999999999999,0.0,0.0,-40.0,1.0,-6,-3,-1,-3.3299999999999983,7,1,0.3999999999999999,Craven Cottage,W
2022-2023,2022-10-29,newcastle,aston-villa,1.8,3.75,4.5,P Tierney,Sat,0,0,-1.4000000000000004,-1.1999999999999993,0.40000000000000036,-3.5999999999999996,-0.6000000000000001,-0.2,1.4,-0.6,10.0,0.8,-0.6,7.0,1.6,60.0,1.0,40.0,6.0,-1,-2,-1,-1.3299999999999983,-3,0,-2.7,St. James Park,W
2022-2023,2022-11-13,brighton,aston-villa,1.83,3.75,4.2,C Kavanagh,Sun,-1,1,5.6,1.0,3.2,2.0,0.20000000000000018,-0.2,0.20000000000000018,-0.3999999999999999,3.0,0.0,0.19999999999999996,-1.0,0.19999999999999996,0.0,1.0,20.0,1.0,-3,-3,-3,-3.0,-5,0,-2.37,Falmer Stadium,L
2022-2023,2023-01-01,tottenham,aston-villa,1.67,4.0,5.0,J Brooks,Sun,0,0,7.200000000000001,2.0,6.000000000000001,-0.8000000000000007,-0.7999999999999998,0.0,0.20000000000000018,0.40000000000000013,-1.0,-1.0,0.6000000000000001,-8.0,-0.40000000000000013,-20.0,0.0,0.0,2.0,-1,3,5,2.3299999999999983,-10,0,-3.33,Tottenham Hotspur Stadium,L
2022-2023,2023-01-21,southampton,aston-villa,2.88,3.25,2.55,M Salisbury,Sat,0,-1,-0.8000000000000007,-0.8000000000000003,0.8000000000000003,3.4000000000000004,-0.8,0.0,-0.6000000000000001,0.8,-7.0,-0.2,0.8,-5.0,-1.4,-40.0,0.0,-60.0,-2.0,-5,-2,-4,-3.6700000000000017,1,0,0.33000000000000007,St Mary's Stadium,L
2022-2023,2023-02-12,city,aston-villa,1.25,6.5,11.0,R Jones,Sun,0,-1,-2.200000000000001,0.0,0.0,0.1999999999999993,-0.6000000000000001,0.0,0.19999999999999996,-0.19999999999999996,2.0,-0.39999999999999997,-0.20000000000000007,-1.0,-0.19999999999999996,0.0,0.0,-20.0,0.0,6,8,6,6.670000000000002,-13,0,-9.75,Etihad Stadium,W
2022-2023,2023-02-25,everton,aston-villa,2.5,3.2,3.0,A Taylor,Sat,0,0,-1.8000000000000007,-0.8000000000000003,2.4000000000000004,-1.5999999999999996,0.3999999999999999,0.0,-1.0,-1.2,1.0,-0.8,-0.7999999999999999,0.0,0.0,0.0,1.0,0.0,1.0,-3,-2,0,-1.6700000000000017,2,0,-0.5,Goodison Park,L
2022-2023,2023-03-12,west-ham,aston-villa,2.2,3.3,3.4,C Kavanagh,Sun,0,-5,-0.40000000000000036,-1.1999999999999997,1.7999999999999998,-3.0,-0.19999999999999996,0.0,-0.40000000000000013,-0.6000000000000001,1.0,-0.6,-0.7999999999999999,1.0,-0.19999999999999996,-20.0,-2.0,20.0,-2.0,-1,1,1,0.3299999999999983,-7,0,-1.1999999999999997,London Stadium,D
2022-2023,2023-04-01,chelsea,aston-villa,1.67,3.8,5.25,A Madley,Sat,0,0,3.200000000000001,-0.20000000000000018,2.8,0.40000000000000036,1.2,0.0,-0.6000000000000001,0.19999999999999996,-4.0,-0.6,0.0,-3.0,-0.6000000000000001,-20.0,-1.0,-20.0,-1.0,4,0,5,3.0,-11,0,-3.58,Stamford Bridge,L
2022-2023,2023-04-04,leicester,aston-villa,2.55,3.3,2.75,G Scott,Tue,0,0,-1.6000000000000014,-2.2,-1.0,1.200000000000001,0.40000000000000013,0.2,-1.2000000000000002,1.4000000000000001,-13.0,-0.6000000000000001,0.6000000000000001,-6.0,-2.4,-80.0,-2.0,-80.0,-5.0,-3,1,4,0.6599999999999966,-6,0,-0.20000000000000018,King Power Stadium,L
2022-2023,2023-04-22,brentford,aston-villa,2.5,3.25,2.88,M Salisbury,Sat,0,0,-3.6000000000000014,-1.6,-1.6000000000000005,-1.4000000000000004,-0.6000000000000001,0.2,-1.4,1.6,-15.0,0.0,0.6000000000000001,-3.0,-2.6,-100.0,-5.0,-60.0,-8.0,-5,-4,-2,-3.6700000000000017,-1,0,-0.3799999999999999,Brentford Community Stadium,D
2022-2023,2023-04-30,united,aston-villa,1.73,3.9,4.6,J Gillett,Sun,-2,-2,4.999999999999998,2.4000000000000004,3.0,-0.40000000000000036,-0.40000000000000013,0.0,-0.40000000000000013,0.4,-4.0,0.4,-0.2,3.0,-0.6000000000000001,-20.0,-1.0,-20.0,-6.0,2,4,4,3.3299999999999983,-8,0,-2.8699999999999997,Old Trafford,W
2022-2023,2023-05-06,wolves,aston-villa,2.88,3.3,2.5,S Attwell,Sat,0,1,-0.8000000000000007,1.2000000000000002,1.4000000000000004,5.0,0.5999999999999999,0.0,-0.19999999999999996,1.2000000000000002,-7.0,0.4,0.8,-2.0,-0.19999999999999996,0.0,0.0,-20.0,0.0,-5,1,0,-1.3400000000000034,-4,0,0.3799999999999999,Molineux Stadium,W
2022-2023,2023-05-20,liverpool,aston-villa,1.45,5.0,6.25,J Brooks,Sat,0,-2,3.799999999999999,1.6,-0.20000000000000018,5.3999999999999995,-0.6000000000000001,0.0,1.4000000000000001,0.0,7.0,1.2000000000000002,0.0,6.0,1.6,60.0,6.0,40.0,8.0,5,3,6,4.659999999999997,-12,0,-4.8,Anfield,D
2022-2023,2022-10-01,bournemouth,brentford,3.3,3.4,2.2,T Bramall,Sat,0,0,-5.2,-2.3999999999999995,-1.8000000000000003,1.8000000000000007,0.0,0.0,-1.0,1.0,-10.0,-0.6,0.6000000000000001,-6.0,0.0,0.0,0.0,0.0,3.0,-2,0,-2,-1.3400000000000034,9,1,1.0999999999999996,Dean Court,D
2022-2023,2022-10-08,newcastle,brentford,1.83,3.8,4.2,J Brooks,Sat,0,0,5.600000000000001,1.7999999999999998,3.0,3.1999999999999993,-0.20000000000000018,0.0,0.0,-0.3999999999999999,2.0,0.4,-0.6000000000000001,5.0,0.0,0.0,1.0,0.0,2.0,4,2,3,3.0,-2,0,-2.37,St. James Park,W
2022-2023,2022-10-23,aston-villa,brentford,2.1,3.5,3.5,D England,Sun,0,-1,6.6000000000000005,1.6,1.7999999999999998,3.8000000000000007,0.8,0.2,-0.19999999999999996,-0.40000000000000013,1.0,0.2,-0.20000000000000007,2.0,0.0,0.0,0.0,0.0,-2.0,5,4,4,4.329999999999998,1,0,-1.4,Villa Park,W
2022-2023,2022-11-05,nottingham,brentford,2.75,3.3,2.6,A Marriner,Sat,0,-1,-2.2,-0.6000000000000001,-1.8000000000000003,2.5999999999999996,0.40000000000000013,0.0,-0.4,-0.6000000000000001,1.0,0.0,-0.6,3.0,0.0,0.0,0.0,0.0,-1.0,-2,-1,1,-0.6700000000000017,10,1,0.1499999999999999,City Ground,D
2022-2023,2022-11-12,city,brentford,1.14,8.0,17.0,P Bankes,Sat,-1,-1,6.6,2.3999999999999995,4.199999999999999,-2.5999999999999996,-0.8,0.2,1.0,-0.7999999999999999,9.0,0.6,-0.6000000000000001,6.0,1.2,60.0,3.0,0.0,1.0,11,12,10,11.0,-12,0,-15.86,Etihad Stadium,L
2022-2023,2022-12-30,west-ham,brentford,2.0,3.6,3.6,D England,Fri,0,0,3.0,0.0,1.7999999999999998,1.0,-0.19999999999999996,0.0,-0.5999999999999999,-0.3999999999999999,-1.0,0.0,-0.4,2.0,-0.6,0.0,0.0,-60.0,-4.0,4,6,4,4.659999999999997,-6,0,-1.6,London Stadium,L
2022-2023,2023-01-22,leeds,brentford,2.38,3.6,2.88,P Bankes,Sun,-1,-4,1.8000000000000007,-2.6,1.8000000000000003,4.6,1.4,0.2,-0.8000000000000003,1.4000000000000001,-11.0,-0.7999999999999999,0.6000000000000001,-7.0,-2.2,-80.0,-3.0,-60.0,-7.0,1,2,3,2.0,4,0,-0.5,Elland Road,D
2022-2023,2023-02-11,arsenal,brentford,1.44,4.75,7.0,P Bankes,Sat,-1,0,6.800000000000001,0.5999999999999996,2.4,1.8000000000000007,1.2000000000000002,0.0,-0.19999999999999996,0.8,-5.0,-0.3999999999999999,0.2,-3.0,-0.6000000000000001,-20.0,-1.0,-20.0,-9.0,4,6,8,6.0,-8,0,-5.5600000000000005,Emirates Stadium,D
2022-2023,2023-03-11,everton,brentford,2.7,3.25,2.7,S Hooper,Sat,2,1,-0.1999999999999993,0.6000000000000001,0.6000000000000001,1.1999999999999993,1.4,0.0,-1.0,1.2,-11.0,-0.19999999999999996,0.6000000000000001,-4.0,-1.0,-20.0,-1.0,-60.0,-11.0,2,2,2,2.0,3,0,0.0,Goodison Park,W
2022-2023,2023-03-15,southampton,brentford,2.88,3.25,2.5,M Salisbury,Wed,1,-1,0.0,-0.6000000000000001,0.0,3.4000000000000004,2.0,0.0,-1.0,-0.4,-3.0,0.0,-0.4,2.0,-0.20000000000000018,0.0,0.0,-20.0,2.0,2,-3,0,-0.3299999999999983,2,0,0.3799999999999999,St Mary's Stadium,L
2022-2023,2023-04-01,brighton,brentford,1.67,4.0,5.0,M Oliver,Sat,-2,0,4.600000000000001,1.5999999999999996,1.6000000000000005,-0.6000000000000014,-0.6,-0.2,0.20000000000000018,-0.19999999999999996,2.0,0.0,-0.2,1.0,0.0,0.0,1.0,0.0,1.0,3,1,-1,1.0,-4,0,-3.33,Falmer Stadium,D
2022-2023,2023-04-05,united,brentford,1.65,4.0,5.0,J Brooks,Wed,-1,-1,1.1999999999999993,0.0,0.39999999999999947,1.1999999999999993,0.19999999999999996,-0.2,-0.8,0.40000000000000013,-6.0,-0.8,-0.6000000000000001,-1.0,-0.20000000000000018,0.0,0.0,-20.0,-3.0,7,8,6,7.0,-7,0,-3.35,Old Trafford,W
2022-2023,2023-04-15,wolves,brentford,2.45,3.1,3.0,P Tierney,Sat,0,0,1.5999999999999996,0.6000000000000005,0.5999999999999996,2.0,1.4000000000000001,0.0,-0.19999999999999996,0.0,-1.0,-0.8,0.0,-4.0,0.3999999999999999,20.0,1.0,0.0,2.0,0,5,2,2.3299999999999983,-3,0,-0.5499999999999998,Molineux Stadium,W
2022-2023,2023-04-26,chelsea,brentford,1.7,4.0,4.75,A Madley,Wed,-1,4,7.800000000000001,0.20000000000000018,3.0,-0.7999999999999989,1.2000000000000002,0.0,-0.4,-0.40000000000000013,0.0,-0.39999999999999997,-0.20000000000000007,-1.0,0.0,0.0,0.0,0.0,-1.0,9,4,7,6.670000000000002,-10,0,-3.05,Stamford Bridge,L
2022-2023,2023-05-06,liverpool,brentford,1.44,5.0,6.0,A Taylor,Sat,0,-4,5.799999999999999,0.20000000000000018,1.0,0.3999999999999986,-0.5999999999999999,0.0,2.0,0.19999999999999996,9.0,0.9999999999999999,0.0,5.0,1.6,60.0,3.0,40.0,4.0,10,7,8,8.329999999999998,-11,0,-4.5600000000000005,Anfield,W
2022-2023,2023-05-20,tottenham,brentford,1.83,3.9,4.0,J Gillett,Sat,0,1,-0.7999999999999989,-0.5999999999999996,-0.7999999999999998,2.0,0.5999999999999999,0.0,0.20000000000000018,2.1999999999999997,-10.0,-0.19999999999999996,1.8000000000000003,-10.0,-1.2,-40.0,-1.0,-40.0,-1.0,5,6,8,6.329999999999998,-9,0,-2.17,Tottenham Hotspur Stadium,L
2022-2023,2022-10-01,palace,chelsea,4.2,3.6,1.85,C Kavanagh,Sat,0,0,0.5999999999999996,2.2,-2.8,1.0,0.0,-0.4,0.0,-0.40000000000000013,2.0,0.4,-0.6000000000000001,5.0,-0.19999999999999996,-20.0,-1.0,20.0,1.0,-7,-10,-8,-8.329999999999998,9,0,2.35,Selhurst Park,L
2022-2023,2022-10-16,aston-villa,chelsea,4.33,3.75,1.8,R Jones,Sun,1,1,-1.799999999999999,-0.7999999999999998,0.1999999999999993,3.5999999999999996,0.3999999999999999,-0.2,-1.2,-0.19999999999999996,-5.0,-0.19999999999999996,-0.19999999999999996,0.0,-1.2,-60.0,-3.0,0.0,1.0,-3,-8,-4,-5.0,11,0,2.5300000000000002,Villa Park,L
2022-2023,2022-10-19,brentford,chelsea,4.75,3.8,1.72,J Gillett,Wed,1,2,-2.8000000000000007,-0.20000000000000018,0.0,0.20000000000000107,-1.0,0.0,-0.3999999999999999,1.2,-8.0,-0.20000000000000007,0.4,-3.0,-1.0,-40.0,-3.0,-20.0,-3.0,-8,-12,-8,-9.329999999999998,10,0,3.0300000000000002,Brentford Community Stadium,D
2022-2023,2022-10-29,brighton,chelsea,3.0,3.3,2.4,A Madley,Sat,0,3,1.4000000000000004,1.0,3.2,2.4000000000000004,0.0,0.0,-0.8,1.4,-11.0,-0.19999999999999996,0.8,-5.0,-1.8000000000000003,-60.0,0.0,-60.0,-6.0,-6,-11,-7,-8.0,6,0,0.6000000000000001,Falmer Stadium,W
2022-2023,2022-11-12,newcastle,chelsea,2.35,3.4,3.0,R Jones,Sat,1,0,3.4000000000000004,0.6000000000000005,0.7999999999999998,-1.0,-1.0000000000000002,0.0,1.4000000000000001,-0.7999999999999999,11.0,0.8,-0.6,7.0,1.6,60.0,4.0,40.0,9.0,-4,-10,-5,-6.329999999999998,8,0,-0.6499999999999999,St. James Park,W
2022-2023,2023-01-01,nottingham,chelsea,5.0,3.8,1.7,P Bankes,Sun,1,0,0.20000000000000107,0.8000000000000003,-1.4000000000000004,-1.1999999999999993,-0.6000000000000001,0.0,0.0,0.6000000000000001,-3.0,-0.2,0.20000000000000007,-2.0,0.5999999999999999,20.0,-1.0,20.0,-1.0,-10,-13,-7,-10.0,20,1,3.3,City Ground,D
2022-2023,2023-01-12,fulham,chelsea,3.3,3.5,2.15,D Coote,Thu,1,1,4.0,2.4,1.4,-1.5999999999999996,0.0,0.0,1.0,0.19999999999999996,4.0,0.20000000000000007,0.4,-1.0,1.0,40.0,3.0,20.0,3.0,-9,-11,-5,-8.329999999999998,18,1,1.15,Craven Cottage,W
2022-2023,2023-01-21,liverpool,chelsea,1.85,3.75,4.0,M Oliver,Sat,-1,-2,1.8000000000000007,1.0,-0.5999999999999996,-1.200000000000001,-0.6000000000000001,-0.2,0.8,1.0,-1.0,0.7999999999999999,0.6000000000000001,1.0,0.40000000000000013,20.0,-1.0,0.0,-1.0,2,-2,1,0.3299999999999983,-1,0,-2.15,Anfield,D
2022-2023,2023-02-11,west-ham,chelsea,3.3,3.3,2.25,C Pawson,Sat,0,-1,1.200000000000001,-1.2000000000000002,-2.8000000000000003,-0.8000000000000007,-0.6000000000000001,-0.2,0.6,0.6,0.0,0.8,0.6000000000000001,1.0,0.0,0.0,0.0,0.0,-1.0,-4,-6,-4,-4.670000000000002,4,0,1.0499999999999998,London Stadium,D
2022-2023,2023-02-26,tottenham,chelsea,2.55,3.25,2.9,S Attwell,Sun,1,-1,-1.8000000000000007,0.0,-2.4000000000000004,1.1999999999999993,0.6000000000000001,0.2,0.9999999999999999,1.2000000000000002,-1.0,0.8,0.19999999999999996,3.0,0.6000000000000001,40.0,1.0,-20.0,1.0,-4,2,1,-0.3400000000000034,1,0,-0.3500000000000001,Tottenham Hotspur Stadium,W
2022-2023,2023-03-11,leicester,chelsea,3.75,3.5,1.95,A Marriner,Sat,0,3,-1.8000000000000007,-0.3999999999999999,-3.0,-1.0,0.20000000000000018,0.0,1.2000000000000002,0.8,2.0,1.0,0.6,2.0,0.19999999999999996,20.0,-1.0,-20.0,-1.0,-7,1,-1,-2.3400000000000034,5,0,1.8,King Power Stadium,L
2022-2023,2023-04-08,wolves,chelsea,4.2,3.5,1.91,P Bankes,Sat,0,3,-6.800000000000001,-1.6000000000000005,-3.4,2.799999999999999,0.7999999999999998,0.2,-0.19999999999999996,0.8,-5.0,-0.4,0.19999999999999996,-3.0,-0.8,-20.0,0.0,-40.0,0.0,-9,1,-5,-4.340000000000003,7,0,2.29,Molineux Stadium,W
2022-2023,2023-05-02,arsenal,chelsea,1.6,4.0,5.5,R Jones,Tue,1,0,-1.8000000000000007,1.1999999999999997,-2.2,1.4000000000000004,-0.7999999999999998,0.0,2.1999999999999997,1.0,6.0,1.0,0.3999999999999999,3.0,1.0,20.0,0.0,60.0,0.0,-3,4,-2,-0.3400000000000034,2,0,-3.9,Emirates Stadium,W
2022-2023,2023-05-06,bournemouth,chelsea,3.3,3.5,2.15,J Brooks,Sat,1,2,3.0,2.6000000000000005,0.20000000000000018,2.0,-0.20000000000000018,0.0,1.4,-0.20000000000000018,8.0,0.6000000000000001,-0.19999999999999996,4.0,2.1999999999999997,80.0,2.0,60.0,2.0,-10,-6,-11,-9.0,19,1,1.15,Dean Court,L
2022-2023,2023-05-21,city,chelsea,1.25,6.0,11.0,M Oliver,Sun,0,-4,2.8000000000000007,2.8,1.9999999999999996,-2.4000000000000004,-1.0000000000000002,0.0,1.4,-1.4,14.0,1.2000000000000002,-1.2,12.0,2.2,80.0,11.0,60.0,12.0,1,8,2,3.6599999999999966,-2,0,-9.75,Etihad Stadium,W
2022-2023,2023-05-25,united,chelsea,1.6,4.33,5.0,S Attwell,Thu,0,1,7.199999999999999,0.7999999999999998,2.4,1.4000000000000004,0.0,0.0,-0.3999999999999999,-1.4,5.0,0.39999999999999997,-1.2,8.0,1.0,40.0,2.0,20.0,2.0,-2,4,-1,0.3299999999999983,3,0,-3.4,Old Trafford,W
2022-2023,2022-09-03,brentford,leeds,2.1,3.5,3.4,R Jones,Sat,0,0,0.20000000000000107,0.1999999999999993,0.6000000000000005,-6.2,-1.0000000000000002,0.0,0.3999999999999999,0.3999999999999999,0.0,0.4,0.4,0.0,-0.40000000000000013,-20.0,0.0,0.0,1.0,-1,-2,-3,-2.0,-4,0,-1.2999999999999998,Brentford Community Stadium,W
2022-2023,2022-10-09,palace,leeds,2.05,3.5,3.6,P Tierney,Sun,0,1,-0.8000000000000007,1.4000000000000004,-1.2000000000000002,-2.8000000000000007,-0.8000000000000003,-0.2,0.19999999999999996,0.20000000000000018,0.0,0.20000000000000007,-0.19999999999999996,2.0,0.0,0.0,0.0,0.0,-1.0,0,0,-3,-1.0,-5,0,-1.5500000000000003,Selhurst Park,W
2022-2023,2022-10-20,leicester,leeds,2.25,3.6,3.0,P Bankes,Thu,1,1,-0.1999999999999993,1.5999999999999996,-1.6000000000000005,-2.1999999999999993,-0.40000000000000013,-0.2,1.0,0.8,1.0,1.2000000000000002,-0.19999999999999996,7.0,0.4,20.0,0.0,0.0,1.0,2,3,1,2.0,-9,0,-0.75,King Power Stadium,W
2022-2023,2022-10-29,liverpool,leeds,1.3,6.0,9.0,M Oliver,Sat,0,-3,2.0,2.0,2.6000000000000005,-6.4,-0.20000000000000018,-0.2,0.7999999999999999,-0.20000000000000018,5.0,0.19999999999999996,-0.19999999999999996,2.0,1.2,40.0,0.0,40.0,0.0,9,8,6,7.659999999999997,-15,0,-7.7,Anfield,L
2022-2023,2022-11-12,tottenham,leeds,1.65,4.2,4.75,M Salisbury,Sat,1,0,1.6000000000000014,1.0,0.7999999999999998,-1.200000000000001,0.3999999999999999,0.0,-0.20000000000000018,-0.3999999999999999,1.0,-0.6,-0.3999999999999999,-1.0,0.0,0.0,-2.0,0.0,-2.0,3,5,6,4.659999999999997,-13,0,-3.1,Tottenham Hotspur Stadium,W
2022-2023,2022-12-31,newcastle,leeds,1.45,4.5,7.0,S Hooper,Sat,1,2,-1.0,0.5999999999999996,-0.7999999999999998,-0.40000000000000036,-0.40000000000000013,-0.2,0.3999999999999999,-2.4,14.0,0.3999999999999999,-1.2,8.0,1.8,60.0,6.0,60.0,11.0,3,0,0,1.0,-6,0,-5.55,St. James Park,D
2022-2023,2023-01-13,aston-villa,leeds,1.91,3.6,4.0,M Oliver,Fri,1,0,-1.799999999999999,0.6000000000000001,-2.4,-4.800000000000001,0.0,-0.2,-0.19999999999999996,-1.2,5.0,-0.20000000000000007,0.0,-1.0,1.0,40.0,0.0,20.0,0.0,4,2,1,2.3299999999999983,-3,0,-2.09,Villa Park,W
2022-2023,2023-02-05,nottingham,leeds,2.63,3.3,2.7,R Jones,Sun,1,-4,2.0,0.3999999999999999,-1.2000000000000002,-0.8000000000000007,-1.4,0.0,0.19999999999999996,-0.3999999999999999,3.0,0.0,0.20000000000000007,-1.0,1.0,40.0,0.0,20.0,3.0,-3,-3,-2,-2.6700000000000017,6,1,-0.07000000000000028,City Ground,W
2022-2023,2023-02-08,united,leeds,1.45,5.0,6.0,S Hooper,Wed,1,1,0.7999999999999989,0.5999999999999996,-1.4000000000000004,-1.200000000000001,-1.1999999999999997,0.2,1.4,0.19999999999999996,6.0,0.6000000000000001,-0.39999999999999997,5.0,1.4,60.0,1.0,20.0,1.0,4,6,3,4.329999999999998,-11,0,-4.55,Old Trafford,D
2022-2023,2023-02-18,everton,leeds,2.4,3.3,3.0,A Madley,Sat,0,-1,-2.8000000000000007,-1.2000000000000002,0.5999999999999996,-0.5999999999999996,0.0,0.0,0.0,0.6000000000000001,-3.0,0.0,0.4,-2.0,0.19999999999999996,20.0,0.0,-20.0,0.0,1,1,2,1.3299999999999983,-1,0,-0.6000000000000001,Goodison Park,W
2022-2023,2023-03-04,chelsea,leeds,1.62,4.0,5.5,M Oliver,Sat,0,2,1.200000000000001,0.0,0.39999999999999947,1.200000000000001,-0.5999999999999999,0.0,-0.39999999999999997,-0.3999999999999999,0.0,0.0,0.2,-1.0,-0.20000000000000007,-20.0,-1.0,20.0,-1.0,8,3,6,5.670000000000002,-14,0,-3.88,Stamford Bridge,W
2022-2023,2023-03-18,wolves,leeds,2.25,3.2,3.3,M Salisbury,Sat,1,-1,-3.799999999999999,0.0,-1.4000000000000004,2.8000000000000007,0.19999999999999996,0.0,0.0,0.0,0.0,0.0,0.0,0.0,0.0,0.0,0.0,0.0,-1.0,-1,4,1,1.3299999999999983,-7,0,-1.0499999999999998,Molineux Stadium,L
2022-2023,2023-04-01,arsenal,leeds,1.29,6.0,9.0,D England,Sat,1,0,6.0,2.8,3.0,-2.4000000000000004,-1.8000000000000003,0.0,1.6,-0.6,11.0,0.9999999999999999,0.0,5.0,1.6,60.0,5.0,40.0,4.0,5,7,4,5.329999999999998,-12,0,-7.71,Emirates Stadium,W
2022-2023,2023-04-22,fulham,leeds,2.3,3.4,3.1,P Bankes,Sat,-1,2,1.0,-1.2000000000000002,1.0,1.1999999999999993,-0.20000000000000018,0.0,-0.6000000000000001,-1.6,5.0,-0.20000000000000007,0.19999999999999996,-2.0,-0.6,-20.0,1.0,-20.0,1.0,-1,0,0,-0.3299999999999983,4,1,-0.8000000000000003,Craven Cottage,W
2022-2023,2023-04-30,bournemouth,leeds,2.55,3.5,2.7,C Kavanagh,Sun,0,-2,0.8000000000000007,0.39999999999999947,-0.40000000000000036,-1.200000000000001,-0.3999999999999999,0.0,-0.19999999999999996,-1.4,6.0,-0.4,0.19999999999999996,-3.0,1.0,40.0,1.0,20.0,0.0,-2,-3,-5,-3.3299999999999983,5,1,-0.15000000000000036,Dean Court,W
2022-2023,2023-05-06,city,leeds,1.17,8.5,15.0,A Madley,Sat,-1,-3,1.0,3.2,1.3999999999999995,-2.1999999999999993,-0.40000000000000013,0.0,2.2,-2.8,25.0,1.0,-0.8,9.0,2.8,100.0,9.0,80.0,12.0,9,11,8,9.329999999999998,-16,0,-13.83,Etihad Stadium,W
2022-2023,2023-05-21,west-ham,leeds,2.4,3.5,2.88,P Bankes,Sun,0,-5,-2.1999999999999993,-0.19999999999999973,0.6000000000000001,-7.0,-2.1999999999999997,-0.2,-0.19999999999999996,0.0,-1.0,0.20000000000000007,0.19999999999999996,0.0,0.19999999999999996,20.0,0.0,-20.0,-1.0,3,4,2,3.0,-10,0,-0.48,London Stadium,W
2022-2023,2022-10-01,west-ham,wolves,1.95,3.5,4.2,P Tierney,Sat,0,0,-1.1999999999999993,0.40000000000000036,0.40000000000000036,1.0,-0.8000000000000003,-0.2,0.19999999999999996,0.19999999999999996,0.0,-0.4,0.0,-2.0,-0.19999999999999996,0.0,0.0,-20.0,0.0,2,1,0,1.0,-3,0,-2.25,London Stadium,W
2022-2023,2022-10-08,chelsea,wolves,1.4,4.5,8.0,S Hooper,Sat,-1,-4,-0.5999999999999996,0.20000000000000018,-0.20000000000000018,1.8000000000000007,-0.20000000000000018,0.2,0.9999999999999999,0.40000000000000013,3.0,0.0,0.4,-2.0,0.8,40.0,2.0,0.0,2.0,6,7,4,5.670000000000002,-7,0,-6.6,Stamford Bridge,W
2022-2023,2022-10-18,palace,wolves,2.25,3.1,3.4,D Coote,Tue,-1,0,3.0,2.2,-0.20000000000000018,2.4000000000000004,-0.3999999999999999,-0.2,0.4,-0.8,6.0,0.2,-0.4,3.0,0.0,-20.0,-1.0,40.0,1.0,-1,-3,-4,-2.6599999999999966,2,0,-1.15,Selhurst Park,W
2022-2023,2022-10-29,brentford,wolves,2.2,3.4,3.3,R Madley,Sat,0,0,-3.4000000000000004,0.20000000000000018,0.6000000000000005,-2.0,-0.19999999999999996,0.0,0.19999999999999996,-0.40000000000000013,3.0,0.0,0.19999999999999996,-1.0,0.4,0.0,0.0,40.0,0.0,-2,-5,-4,-3.6599999999999966,3,0,-1.0999999999999996,Brentford Community Stadium,D
2022-2023,2022-12-26,everton,wolves,2.3,3.25,3.2,C Pawson,Mon,0,4,-3.6000000000000014,-1.0,-1.1999999999999993,-2.4000000000000004,-0.6000000000000001,-0.4,-0.20000000000000007,-1.2,5.0,-0.39999999999999997,0.0,-2.0,0.6000000000000001,20.0,0.0,20.0,0.0,0,-2,1,-0.3299999999999983,6,0,-0.9000000000000004,Goodison Park,L
2022-2023,2023-01-04,aston-villa,wolves,1.95,3.6,4.0,J Gillett,Wed,0,-1,-1.5999999999999996,-0.3999999999999999,-3.0,-5.0,-0.20000000000000018,-0.4,0.6000000000000001,0.19999999999999996,2.0,0.0,0.4,-2.0,1.0,40.0,1.0,20.0,1.0,3,-1,0,0.6700000000000017,4,0,-2.05,Villa Park,D
2022-2023,2023-01-22,city,wolves,1.2,8.0,11.0,D Coote,Sun,0,-2,4.0,1.2000000000000002,-0.6000000000000005,-1.8000000000000007,-1.2000000000000002,0.0,1.2,0.19999999999999996,5.0,0.0,0.2,-1.0,0.6000000000000001,20.0,0.0,20.0,-1.0,9,7,6,7.340000000000003,-9,0,-9.8,Etihad Stadium,W
2022-2023,2023-02-11,southampton,wolves,2.9,3.2,2.55,J Gillett,Sat,0,0,-1.4000000000000004,0.3999999999999999,-1.5999999999999996,4.4,0.40000000000000013,0.0,-0.4,0.6000000000000001,-5.0,-0.6,0.8,-7.0,-0.7999999999999999,-20.0,-1.0,-40.0,-1.0,-2,-3,-4,-3.0,5,0,0.3500000000000001,St Mary's Stadium,L
2022-2023,2023-02-24,fulham,wolves,2.5,3.2,3.0,M Oliver,Fri,1,0,-3.8000000000000007,-0.6000000000000001,-2.0000000000000004,0.8000000000000007,1.0,-0.2,-0.6,-0.6,0.0,-0.2,-0.2,0.0,-0.40000000000000013,-20.0,2.0,0.0,3.0,0,-4,-1,-1.6599999999999966,11,1,-0.5,Craven Cottage,D
2022-2023,2023-03-01,liverpool,wolves,1.5,4.75,6.0,P Tierney,Wed,-1,-1,4.200000000000001,1.7999999999999998,-0.20000000000000018,-1.8000000000000007,0.6000000000000001,-0.2,-0.3999999999999999,-0.6,1.0,0.0,0.0,0.0,0.20000000000000018,0.0,0.0,20.0,2.0,10,2,6,6.0,-8,0,-4.5,Anfield,W
2022-2023,2023-03-12,newcastle,wolves,1.65,3.75,5.5,A Madley,Sun,-2,0,2.4000000000000004,1.6000000000000005,2.4000000000000004,-4.799999999999999,0.5999999999999999,0.0,-0.4,0.19999999999999996,-3.0,0.2,0.8,-3.0,-0.7999999999999999,-40.0,-1.0,0.0,-1.0,5,-2,1,1.3400000000000034,1,0,-3.85,St. James Park,W
2022-2023,2023-04-01,nottingham,wolves,3.0,3.1,2.55,C Kavanagh,Sat,-1,0,-2.8,-0.7999999999999998,0.3999999999999999,-2.5999999999999996,0.19999999999999996,-0.2,0.0,0.5999999999999999,-3.0,0.2,0.7999999999999999,-3.0,-0.4,-20.0,0.0,0.0,0.0,3,-4,-3,-1.3299999999999983,13,1,0.4500000000000002,City Ground,D
2022-2023,2023-04-22,leicester,wolves,2.38,3.3,3.0,A Madley,Sat,0,0,-1.5999999999999996,-2.2,-1.4,-1.8000000000000007,-0.8,0.0,-0.5999999999999999,0.40000000000000013,-5.0,-0.2,0.6,-4.0,-1.2,-40.0,-2.0,-40.0,-3.0,2,0,4,2.0,-2,0,-0.6200000000000001,King Power Stadium,W
2022-2023,2023-04-29,brighton,wolves,1.5,4.33,6.5,D Coote,Sat,-3,-1,11.200000000000001,4.4,2.3999999999999995,-2.5999999999999996,-2.0,0.0,0.40000000000000013,1.2000000000000002,-4.0,0.3999999999999999,0.6,-1.0,-0.6000000000000001,-20.0,-1.0,-20.0,-1.0,3,-4,-3,-1.3299999999999983,-1,0,-5.0,Falmer Stadium,W
2022-2023,2023-05-13,united,wolves,1.36,5.0,7.5,J Brooks,Sat,-1,-1,7.200000000000001,2.4000000000000004,0.40000000000000036,-3.4000000000000004,-0.20000000000000018,0.0,-0.19999999999999996,-0.8,3.0,0.0,-0.8,4.0,-0.40000000000000013,-20.0,-1.0,0.0,-1.0,7,3,4,4.670000000000002,-4,0,-6.14,Old Trafford,W
2022-2023,2023-05-28,arsenal,wolves,1.36,5.25,8.0,A Marriner,Sun,0,0,3.200000000000001,2.1999999999999997,0.20000000000000018,-2.1999999999999993,-2.2,0.0,0.3999999999999999,0.0,2.0,0.20000000000000007,-0.4,3.0,-0.19999999999999996,0.0,0.0,-20.0,-1.0,6,3,3,4.0,-5,0,-6.64,Emirates Stadium,W
2022-2023,2022-09-03,wolves,southampton,2.2,3.4,3.25,J Brooks,Sat,0,-1,2.0,-0.6000000000000001,1.0,-0.8000000000000007,0.40000000000000013,0.0,-0.9999999999999999,-1.0,0.0,-0.19999999999999996,-0.39999999999999997,1.0,-0.7999999999999999,-40.0,-1.0,0.0,1.0,2,4,3,3.0,-5,0,-1.0499999999999998,Molineux Stadium,W
2022-2023,2022-09-16,aston-villa,southampton,2.1,3.5,3.5,T Harrington,Fri,0,0,-4.0,-0.7999999999999998,-1.7999999999999998,-0.7999999999999989,0.7999999999999998,0.0,-0.19999999999999996,0.40000000000000013,-3.0,0.0,0.0,0.0,-0.5999999999999999,-20.0,0.0,-20.0,1.0,3,2,4,3.0,-1,0,-1.4,Villa Park,W
2022-2023,2022-10-08,city,southampton,1.11,10.0,17.0,A Madley,Sat,0,-4,3.799999999999999,3.0,1.2000000000000002,-3.200000000000001,-0.9999999999999999,0.0,3.4,0.0,17.0,1.4,-0.19999999999999996,8.0,2.0,60.0,2.0,80.0,8.0,11,10,10,10.340000000000003,-14,0,-15.89,Etihad Stadium,W
2022-2023,2022-10-19,bournemouth,southampton,2.62,3.3,2.62,J Brooks,Wed,0,1,-2.1999999999999993,0.19999999999999973,1.2000000000000002,-0.40000000000000036,-0.3999999999999999,0.0,1.2000000000000002,-0.6000000000000001,9.0,0.2,0.0,1.0,1.6,40.0,0.0,80.0,5.0,-2,-2,-2,-2.0,7,1,0.0,Dean Court,L
2022-2023,2022-10-29,palace,southampton,1.9,3.6,4.0,M Salisbury,Sat,-1,1,-1.0,-1.0,-0.7999999999999998,3.0,0.8,0.0,0.19999999999999996,-0.20000000000000018,2.0,0.0,0.20000000000000007,-1.0,0.3999999999999999,20.0,0.0,0.0,-3.0,1,0,0,0.3400000000000034,-3,0,-2.1,Selhurst Park,W
2022-2023,2022-11-12,liverpool,southampton,1.25,6.5,11.0,S Hooper,Sat,-1,0,5.199999999999999,1.8000000000000007,2.5999999999999996,-1.1999999999999993,-1.2,0.0,0.19999999999999996,-0.5999999999999999,4.0,0.4,-0.39999999999999997,4.0,0.8,40.0,1.0,0.0,1.0,10,8,9,9.0,-13,0,-9.75,Anfield,W
2022-2023,2022-12-31,fulham,southampton,1.95,3.6,3.75,G Scott,Sat,0,0,2.5999999999999996,2.0,2.4000000000000004,1.1999999999999993,-0.19999999999999996,0.0,0.8,-1.2,10.0,0.39999999999999997,-1.0,7.0,1.2,40.0,1.0,40.0,1.0,-1,-1,3,0.3400000000000034,6,1,-1.8,Craven Cottage,W
2022-2023,2023-01-14,everton,southampton,2.25,3.25,3.3,J Brooks,Sat,0,5,-1.0,-0.19999999999999973,-0.20000000000000018,-0.5999999999999996,0.20000000000000018,0.0,-0.20000000000000007,-0.20000000000000018,0.0,0.0,-0.40000000000000013,2.0,0.2,0.0,0.0,20.0,0.0,2,1,5,2.6700000000000017,1,0,-1.0499999999999998,Goodison Park,L
2022-2023,2023-02-04,brentford,southampton,1.85,3.6,4.2,D Bond,Sat,0,6,-1.200000000000001,1.0000000000000004,-0.20000000000000018,-6.0,-0.20000000000000018,0.0,1.0,-1.0,10.0,1.2,-1.0,11.0,1.6,40.0,0.0,80.0,8.0,0,-2,0,-0.6599999999999966,-2,0,-2.35,Brentford Community Stadium,W
2022-2023,2023-02-18,chelsea,southampton,1.4,4.75,8.5,D Coote,Sat,0,-4,2.0,1.1999999999999997,2.8,-2.1999999999999993,-0.3999999999999999,0.2,0.0,-1.0,5.0,0.0,-0.4,2.0,0.6,0.0,0.0,60.0,4.0,8,10,8,8.670000000000002,-12,0,-7.1,Stamford Bridge,L
2022-2023,2023-02-25,leeds,southampton,1.95,3.5,4.0,P Bankes,Sat,0,0,-1.8000000000000007,-1.1999999999999997,0.6000000000000001,-6.400000000000002,-0.3999999999999999,0.0,-0.4,-0.19999999999999996,-1.0,-0.2,-0.39999999999999997,1.0,-0.7999999999999999,-40.0,-1.0,0.0,-1.0,-1,4,1,1.3299999999999983,2,0,-2.05,Elland Road,W
2022-2023,2023-03-12,united,southampton,1.36,5.0,9.0,A Taylor,Sun,0,-5,5.000000000000002,1.7999999999999998,1.3999999999999995,-3.5999999999999996,-2.4000000000000004,0.2,1.2000000000000002,0.8,2.0,-0.19999999999999996,0.0,-1.0,0.8,20.0,-1.0,40.0,-1.0,5,11,6,7.329999999999998,-9,0,-7.64,Old Trafford,D
2022-2023,2023-04-02,west-ham,southampton,1.73,3.6,5.0,P Tierney,Sun,-2,0,-1.5999999999999996,-0.5999999999999996,2.8,-3.5999999999999996,-0.8,0.0,0.3999999999999999,0.40000000000000013,0.0,0.2,0.19999999999999996,0.0,0.0,0.0,0.0,0.0,0.0,2,8,3,4.329999999999998,-8,0,-3.27,London Stadium,W
2022-2023,2023-04-21,arsenal,southampton,1.2,7.0,13.0,S Hooper,Fri,0,-1,2.5999999999999996,2.3999999999999995,0.1999999999999993,-0.5999999999999996,0.0,0.0,2.2,-1.2,17.0,2.0,-0.4,12.0,2.0,60.0,0.0,80.0,9.0,4,11,5,6.659999999999997,-10,0,-11.8,Emirates Stadium,D
2022-2023,2023-04-30,newcastle,southampton,1.3,5.25,10.0,A Taylor,Sun,-1,0,6.0,2.8,3.8000000000000003,1.8000000000000007,-1.4,0.0,2.5999999999999996,-0.8000000000000003,17.0,1.2000000000000002,0.0,6.0,2.1999999999999997,80.0,2.0,60.0,2.0,3,6,3,4.0,-4,0,-8.7,St. James Park,W
2022-2023,2023-05-08,nottingham,southampton,2.1,3.6,3.4,M Oliver,Mon,0,1,0.40000000000000036,-0.20000000000000018,0.19999999999999973,2.5999999999999996,-0.19999999999999973,0.0,0.19999999999999996,-0.6000000000000001,4.0,-0.19999999999999996,0.0,-1.0,0.39999999999999997,20.0,0.0,0.0,0.0,1,4,-1,1.3299999999999983,8,1,-1.2999999999999998,City Ground,W
2022-2023,2023-05-21,brighton,southampton,1.22,7.0,11.0,P Tierney,Sun,-1,-5,7.999999999999998,2.0000000000000004,1.1999999999999993,1.5999999999999996,0.19999999999999973,0.0,1.0,-0.8,9.0,0.0,0.19999999999999996,-1.0,1.6,60.0,0.0,40.0,0.0,1,4,-1,1.3299999999999983,-6,0,-9.78,Falmer Stadium,W
2022-2023,2022-09-03,tottenham,fulham,1.5,4.5,6.5,S Attwell,Sat,0,-1,2.5999999999999996,1.3999999999999995,1.9999999999999996,-0.5999999999999996,-0.3999999999999999,0.0,0.3999999999999999,-0.5999999999999999,5.0,0.20000000000000007,0.2,0.0,0.6000000000000001,20.0,-1.0,20.0,4.0,6,7,5,6.0,-17,-1,-5.0,Tottenham Hotspur Stadium,W
2022-2023,2022-09-16,nottingham,fulham,2.75,3.3,2.62,J Gillett,Fri,0,0,1.1999999999999993,-1.0,0.3999999999999999,-0.8000000000000007,0.0,0.0,-0.5999999999999999,1.0,-8.0,0.19999999999999996,0.4,-1.0,-0.5999999999999999,-20.0,0.0,-20.0,0.0,-1,-2,-7,-3.3400000000000034,2,0,0.1299999999999999,City Ground,L
2022-2023,2022-10-09,west-ham,fulham,1.72,3.8,4.75,C Kavanagh,Sun,0,-5,2.200000000000001,0.20000000000000018,0.7999999999999998,0.8000000000000007,-1.6,-0.2,-0.6000000000000001,-1.4000000000000001,4.0,0.2,-0.8,5.0,0.19999999999999996,0.0,1.0,20.0,1.0,5,5,1,3.6599999999999966,-14,-1,-3.0300000000000002,London Stadium,W
2022-2023,2022-10-23,leeds,fulham,2.05,3.5,3.6,A Taylor,Sun,-1,0,0.5999999999999996,-1.0000000000000004,-0.20000000000000018,6.0,-0.40000000000000013,0.0,-1.4,-0.20000000000000018,-6.0,-0.19999999999999996,-0.19999999999999996,0.0,-1.2,-40.0,-1.0,-40.0,-2.0,2,1,0,1.0,-4,-1,-1.5500000000000003,Elland Road,L
2022-2023,2022-11-05,city,fulham,1.11,9.5,19.0,D England,Sat,-1,-4,0.8000000000000007,1.5999999999999996,0.40000000000000036,-2.0,-1.2000000000000002,0.0,0.9999999999999998,-0.3999999999999999,7.0,0.8,-0.8,8.0,0.7999999999999998,40.0,2.0,0.0,-2.0,12,11,7,10.0,-20,-1,-17.89,Etihad Stadium,W
2022-2023,2022-12-26,palace,fulham,2.05,3.6,3.5,A Madley,Mon,-1,0,-2.5999999999999996,-2.5999999999999996,-2.3999999999999995,2.3999999999999986,1.4,0.0,-0.6000000000000001,0.0,-3.0,-0.19999999999999996,0.0,-1.0,0.40000000000000013,20.0,0.0,0.0,0.0,2,1,-3,0.0,-9,-1,-1.4500000000000002,Selhurst Park,L
2022-2023,2023-01-03,leicester,fulham,2.2,3.6,3.1,D Bond,Tue,0,1,-3.4000000000000004,-1.0,-3.4,-2.1999999999999993,-0.9999999999999999,0.0,-0.3999999999999999,0.19999999999999996,-3.0,0.0,0.6,-3.0,-0.19999999999999996,0.0,-2.0,-20.0,-2.0,4,4,1,3.0,-13,-1,-0.8999999999999999,King Power Stadium,L
2022-2023,2023-01-15,newcastle,fulham,1.5,4.33,6.5,R Jones,Sun,-1,2,-2.200000000000001,-1.4,-0.7999999999999998,0.8000000000000007,-0.20000000000000018,0.0,-0.19999999999999996,-0.6000000000000001,2.0,0.0,-0.2,1.0,-0.19999999999999973,-20.0,-4.0,20.0,9.0,5,1,0,2.0,-10,-1,-5.0,St. James Park,W
2022-2023,2023-02-03,chelsea,fulham,1.62,4.0,5.25,S Attwell,Fri,-1,4,3.799999999999999,1.8000000000000003,1.5999999999999996,0.5999999999999996,-0.7999999999999998,0.2,-0.4,0.0,-2.0,-0.39999999999999997,0.0,-2.0,-0.8,-40.0,0.0,0.0,2.0,9,11,5,8.329999999999998,-18,-1,-3.63,Stamford Bridge,D
2022-2023,2023-02-18,brighton,fulham,1.65,3.8,5.5,D England,Sat,-2,0,7.199999999999999,3.8,1.5999999999999996,-1.0,-1.0,0.0,1.4000000000000001,0.20000000000000007,6.0,0.0,0.0,0.0,0.8000000000000003,20.0,-1.0,40.0,3.0,3,0,-2,0.3299999999999983,-12,-1,-3.85,Falmer Stadium,L
2022-2023,2023-03-06,brentford,fulham,1.95,3.6,3.75,A Taylor,Mon,-2,4,0.40000000000000036,-0.7999999999999998,0.3999999999999999,-1.0,-0.7999999999999998,0.0,0.5999999999999999,0.0,3.0,0.39999999999999997,-0.4,4.0,0.19999999999999996,0.0,0.0,20.0,7.0,0,-1,-1,-0.6700000000000017,-8,-1,-1.8,Brentford Community Stadium,W
2022-2023,2023-04-01,bournemouth,fulham,2.55,3.3,2.8,P Bankes,Sat,0,0,-3.0,-1.0,-0.3999999999999999,-2.8000000000000007,0.6000000000000001,0.0,-0.19999999999999996,0.6000000000000001,-4.0,0.0,-0.19999999999999996,1.0,-0.19999999999999996,0.0,0.0,-20.0,0.0,-1,-3,-5,-3.0,1,0,-0.25,Dean Court,W
2022-2023,2023-04-15,everton,fulham,2.05,3.4,3.7,A Taylor,Sat,1,0,1.5999999999999996,0.3999999999999999,-1.6,-0.5999999999999996,-0.19999999999999996,0.2,0.3999999999999999,-0.6000000000000001,5.0,0.19999999999999996,-0.7999999999999999,5.0,1.0,20.0,0.0,60.0,0.0,2,1,1,1.3299999999999983,-5,-1,-1.6500000000000004,Goodison Park,L
2022-2023,2023-04-25,aston-villa,fulham,1.75,4.0,4.2,T Bramall,Tue,1,0,-2.5999999999999996,-0.19999999999999973,-2.3999999999999995,1.799999999999999,0.19999999999999996,0.0,0.8,-1.2000000000000002,10.0,0.19999999999999996,-0.8,5.0,1.4000000000000001,40.0,-2.0,60.0,7.0,5,3,1,3.0,-7,-1,-2.45,Villa Park,W
2022-2023,2023-05-03,liverpool,fulham,1.25,5.75,11.0,S Attwell,Wed,0,0,6.0,2.2,-0.7999999999999998,-0.1999999999999993,0.20000000000000018,0.0,2.2,0.6000000000000001,8.0,0.9999999999999999,-0.19999999999999996,6.0,1.4000000000000001,40.0,4.0,60.0,6.0,10,6,7,7.659999999999997,-19,-1,-9.75,Anfield,W
2022-2023,2023-05-13,southampton,fulham,2.75,3.3,2.5,T Bramall,Sat,0,0,2.0,0.7999999999999998,1.6000000000000005,-1.799999999999999,1.5999999999999999,0.0,-0.20000000000000018,1.0,-6.0,0.0,0.0,0.0,-1.0,-40.0,-1.0,-20.0,-1.0,2,-4,-1,-1.0,-6,-1,0.25,St Mary's Stadium,L
2022-2023,2023-05-28,united,fulham,1.5,4.33,6.0,R Jones,Sun,0,-5,10.0,2.6000000000000005,1.6000000000000005,-0.8000000000000007,1.2,0.0,-0.6000000000000001,-1.0,2.0,-0.19999999999999996,-0.6000000000000001,2.0,0.40000000000000013,20.0,3.0,0.0,0.0,7,7,5,6.329999999999998,-15,-1,-4.5,Old Trafford,W
2022-2023,2022-10-01,arsenal,tottenham,2.05,3.75,3.3,A Taylor,Sat,0,0,1.1999999999999993,-0.6000000000000005,0.40000000000000036,-1.0,-0.3999999999999999,0.0,-0.19999999999999973,0.19999999999999996,-2.0,0.0,-0.2,1.0,-0.20000000000000018,0.0,-1.0,-20.0,-6.0,0,-1,-1,-0.6599999999999966,1,0,-1.25,Emirates Stadium,W
2022-2023,2022-10-08,brighton,tottenham,2.8,3.4,2.5,T Harrington,Sat,-1,3,-3.4000000000000004,-1.5999999999999996,0.20000000000000018,-0.5999999999999996,-1.2000000000000002,-0.2,0.0,0.0,0.0,-0.19999999999999996,0.0,-1.0,0.0,0.0,0.0,0.0,2.0,-2,-6,-8,-5.329999999999998,5,0,0.2999999999999998,Falmer Stadium,L
2022-2023,2022-10-19,united,tottenham,2.45,3.5,2.75,S Hooper,Wed,-1,-1,-3.4000000000000004,-2.3999999999999995,-2.6000000000000005,1.799999999999999,1.0,-0.2,-0.5999999999999999,0.40000000000000013,-5.0,-0.19999999999999996,0.4,-3.0,-0.3999999999999999,-20.0,-2.0,0.0,0.0,1,1,-3,-0.3299999999999983,2,0,-0.2999999999999998,Old Trafford,W
2022-2023,2022-10-29,bournemouth,tottenham,5.0,3.8,1.7,A Taylor,Sat,0,2,-3.0,-0.6000000000000001,1.4000000000000004,-1.1999999999999993,-0.6000000000000001,-0.2,-0.19999999999999996,-0.19999999999999996,0.0,0.0,0.20000000000000007,-1.0,-0.19999999999999996,-20.0,0.0,20.0,0.0,-6,-7,-11,-8.0,18,1,3.3,Dean Court,L
2022-2023,2022-12-26,brentford,tottenham,4.0,3.6,1.91,D Coote,Mon,0,0,-5.800000000000001,-1.2000000000000002,-4.4,0.7999999999999989,0.0,0.0,-0.8,-0.6000000000000001,-1.0,0.2,-0.3999999999999999,3.0,0.0,-20.0,0.0,40.0,2.0,-4,-7,-9,-6.659999999999997,9,0,2.09,Brentford Community Stadium,D
2022-2023,2023-01-04,palace,tottenham,3.4,3.5,2.15,M Oliver,Wed,-1,1,-3.799999999999999,-3.0,-3.3999999999999995,1.5999999999999996,0.19999999999999996,0.4,-1.0,-1.2000000000000002,1.0,0.6000000000000001,-0.7999999999999999,7.0,0.40000000000000013,20.0,1.0,0.0,1.0,-3,-5,-9,-5.659999999999997,8,0,1.25,Selhurst Park,L
2022-2023,2023-01-19,city,tottenham,1.36,5.0,8.5,S Hooper,Thu,-1,1,4.200000000000001,-1.7999999999999998,-0.20000000000000018,-1.4000000000000004,-0.7999999999999998,0.0,-0.6000000000000001,-0.6000000000000001,0.0,0.39999999999999997,-0.8,6.0,0.0,0.0,0.0,0.0,0.0,7,5,1,4.340000000000003,-3,0,-7.14,Etihad Stadium,W
2022-2023,2023-01-23,fulham,tottenham,3.3,3.6,2.1,P Tierney,Mon,0,4,-1.4000000000000004,-1.6,0.7999999999999998,-0.5999999999999996,0.0,0.0,0.0,-1.4,7.0,0.4,-0.6,5.0,1.5999999999999999,60.0,0.0,40.0,0.0,-5,-6,-6,-5.659999999999997,17,1,1.1999999999999997,Craven Cottage,L
2022-2023,2023-02-11,leicester,tottenham,3.4,3.6,2.1,M Salisbury,Sat,-1,1,-3.200000000000001,-1.2000000000000002,0.20000000000000018,-1.8000000000000007,-1.2000000000000002,-0.2,-0.20000000000000018,0.6000000000000001,-4.0,0.19999999999999996,0.7999999999999999,-3.0,-1.0,-40.0,-1.0,-20.0,0.0,-1,-2,-5,-2.6599999999999966,4,0,1.2999999999999998,King Power Stadium,W
2022-2023,2023-03-04,wolves,tottenham,3.3,3.4,2.2,T Robinson,Sat,0,0,-1.4000000000000004,-0.7999999999999998,-0.7999999999999998,0.3999999999999986,-0.40000000000000013,0.0,-0.19999999999999996,0.19999999999999996,-2.0,0.0,-0.39999999999999997,2.0,-1.0,-40.0,-2.0,-20.0,-2.0,-5,-1,-6,-4.0,6,0,1.0999999999999996,Molineux Stadium,W
2022-2023,2023-03-18,southampton,tottenham,4.75,3.6,1.75,S Hooper,Sat,0,-4,-4.0,-1.8000000000000003,-0.9999999999999996,1.200000000000001,1.0,0.0,-1.2000000000000002,-0.6,-3.0,-0.19999999999999996,-0.39999999999999997,1.0,-0.40000000000000013,-20.0,-1.0,0.0,-1.0,-3,-9,-8,-6.659999999999997,11,0,3.0,St Mary's Stadium,D
2022-2023,2023-04-03,everton,tottenham,3.4,3.3,2.2,D Coote,Mon,0,0,-3.8000000000000007,-0.5999999999999996,-1.0,-0.1999999999999993,0.8,0.0,-1.0,1.0,-10.0,0.0,0.6,-3.0,-1.0,-40.0,0.0,-20.0,1.0,-3,-4,-6,-4.329999999999998,12,0,1.1999999999999997,Goodison Park,D
2022-2023,2023-04-23,newcastle,tottenham,1.83,3.75,4.2,D Coote,Sun,-1,0,-0.5999999999999996,0.20000000000000018,1.6000000000000005,0.20000000000000107,-1.6,-0.2,0.0,-0.6000000000000001,3.0,-0.4,0.4,-4.0,0.7999999999999998,40.0,0.0,0.0,0.0,0,-3,-5,-2.6599999999999966,7,0,-2.37,St. James Park,W
2022-2023,2023-04-30,liverpool,tottenham,1.53,4.5,5.75,P Tierney,Sun,-1,1,1.8000000000000007,0.8000000000000007,0.8000000000000007,-0.1999999999999993,-0.40000000000000013,-0.2,1.0,-1.4000000000000001,12.0,0.4,-1.2000000000000002,8.0,1.2000000000000002,40.0,3.0,40.0,4.0,5,1,0,2.0,-2,0,-4.22,Anfield,W
2022-2023,2023-05-13,aston-villa,tottenham,2.25,3.6,2.9,P Bankes,Sat,0,0,-0.7999999999999989,-2.5999999999999996,0.39999999999999947,-1.4000000000000004,-0.19999999999999996,0.0,-0.8,-2.4,8.0,-0.19999999999999996,-1.8000000000000003,8.0,0.5999999999999999,20.0,-1.0,20.0,-1.0,0,-2,-6,-2.6599999999999966,10,0,-0.6499999999999999,Villa Park,W
2022-2023,2023-05-28,leeds,tottenham,2.75,3.8,2.3,A Taylor,Sun,0,-1,-2.0,-1.8000000000000003,-2.0000000000000004,3.3999999999999986,0.6000000000000001,0.2,-0.40000000000000013,0.19999999999999973,-3.0,0.20000000000000007,0.0,1.0,-0.4,-20.0,0.0,0.0,0.0,-4,-5,-7,-5.329999999999998,13,0,0.4500000000000002,Elland Road,L
2022-2023,2022-10-02,city,united,1.33,5.75,7.5,M Oliver,Sun,1,0,5.6,2.5999999999999996,3.2,-4.6,-2.4000000000000004,0.0,2.0,0.0,10.0,0.6,0.0,3.0,-0.19999999999999973,-20.0,-3.0,20.0,3.0,6,4,4,4.670000000000002,-5,0,-6.17,Etihad Stadium,W
2022-2023,2022-10-09,everton,united,3.6,3.5,2.05,D Coote,Sun,1,5,0.0,-1.4000000000000004,2.0,-4.0,-0.6000000000000001,0.0,-1.0,-1.0,0.0,-0.19999999999999996,-0.8,3.0,-0.5999999999999999,-40.0,2.0,20.0,6.0,-3,-5,-1,-3.0,10,0,1.5500000000000003,Goodison Park,L
2022-2023,2022-10-22,chelsea,united,2.05,3.5,3.5,S Attwell,Sat,0,0,-2.8000000000000007,-1.5999999999999996,0.0,-2.0,0.19999999999999973,0.0,-0.19999999999999996,-1.2000000000000002,5.0,0.0,-0.8,4.0,0.6000000000000001,20.0,-1.0,20.0,2.0,3,4,2,3.0,-3,0,-1.4500000000000002,Stamford Bridge,D
2022-2023,2022-11-06,aston-villa,united,3.3,3.8,2.1,A Taylor,Sun,1,5,-4.0,0.20000000000000018,0.0,2.4000000000000004,-0.6000000000000001,0.2,-0.19999999999999996,1.6,-9.0,0.20000000000000007,0.6000000000000001,-2.0,-1.4000000000000001,-40.0,-1.0,-60.0,-5.0,0,-4,-2,-2.0,8,0,1.1999999999999997,Villa Park,W
2022-2023,2022-11-13,fulham,united,3.8,3.8,1.9,P Tierney,Sun,1,5,-0.8000000000000007,0.20000000000000018,1.3999999999999995,-1.0,-0.5999999999999999,0.0,0.8,0.3999999999999999,2.0,0.4,0.4,0.0,0.0,0.0,0.0,0.0,0.0,-6,-7,-3,-5.329999999999998,15,1,1.9,Craven Cottage,L
2022-2023,2022-12-31,wolves,united,4.0,3.6,1.91,R Jones,Sat,1,1,-1.4000000000000004,-1.7999999999999998,0.20000000000000018,2.4000000000000004,0.8000000000000003,0.4,-0.6000000000000001,1.2000000000000002,-9.0,-0.4,0.6,-5.0,-1.2,-40.0,-1.0,-40.0,-1.0,-3,-3,-2,-2.6700000000000017,4,0,2.09,Molineux Stadium,L
2022-2023,2023-01-18,palace,united,4.5,3.6,1.8,R Jones,Wed,0,-1,-3.4000000000000004,-3.5999999999999996,1.2000000000000002,0.40000000000000036,0.20000000000000018,0.4,-1.8000000000000003,1.4,-16.0,-0.4,0.2,-3.0,-2.4,-80.0,-5.0,-80.0,-5.0,-4,-6,-6,-5.329999999999998,6,0,2.7,Selhurst Park,D
2022-2023,2023-01-22,arsenal,united,1.8,3.8,4.2,A Taylor,Sun,-1,3,0.1999999999999993,-0.5999999999999996,-0.20000000000000018,-1.4000000000000004,0.0,0.0,0.20000000000000018,0.19999999999999996,0.0,0.0,0.2,-1.0,0.0,0.0,1.0,0.0,6.0,-1,-2,2,-0.3299999999999983,-1,0,-2.4000000000000004,Emirates Stadium,W
2022-2023,2023-02-12,leeds,united,3.75,3.8,1.91,P Tierney,Sun,-1,0,-2.0,-0.5999999999999996,1.7999999999999998,0.8000000000000007,0.5999999999999999,-0.2,-0.8,-0.20000000000000018,-3.0,-0.19999999999999996,0.19999999999999996,-2.0,-1.0,-40.0,0.0,-20.0,-1.0,-4,-6,-3,-4.329999999999998,11,0,1.84,Elland Road,L
2022-2023,2023-03-05,liverpool,united,2.38,3.6,2.88,A Madley,Sun,0,0,-0.7999999999999989,-0.39999999999999947,0.20000000000000018,0.5999999999999996,1.0,-0.2,-1.0000000000000002,-0.6,-2.0,0.0,0.0,0.0,0.0,0.0,-1.0,0.0,0.0,3,-1,2,1.3299999999999983,-4,0,-0.5,Anfield,W
2022-2023,2023-04-02,newcastle,united,2.4,3.4,2.9,S Attwell,Sun,0,0,-2.200000000000001,-0.5999999999999996,1.5999999999999996,-1.8000000000000007,0.6000000000000001,0.2,-0.3999999999999999,-0.40000000000000013,0.0,0.39999999999999997,0.6,-1.0,-0.20000000000000018,0.0,2.0,-20.0,1.0,-2,-5,-3,-3.3299999999999983,5,0,-0.5,St. James Park,W
2022-2023,2023-04-16,nottingham,united,5.5,4.0,1.62,S Hooper,Sun,1,5,-4.199999999999999,-0.9999999999999996,-1.4000000000000004,3.6000000000000014,1.7999999999999998,0.0,0.20000000000000007,0.19999999999999996,0.0,0.19999999999999996,0.8,-3.0,-1.2,-40.0,-2.0,-40.0,-2.0,-4,-7,-7,-6.0,17,1,3.88,City Ground,L
2022-2023,2023-04-27,tottenham,united,2.8,3.6,2.4,A Taylor,Thu,2,0,-3.1999999999999993,-1.6000000000000005,-4.4,1.4000000000000004,0.8000000000000003,0.2,0.8,2.4,-8.0,0.0,1.4,-7.0,-1.0,-40.0,-3.0,-20.0,-3.0,-2,-2,2,-0.6700000000000017,-2,0,0.3999999999999999,Tottenham Hotspur Stadium,D
2022-2023,2023-05-04,brighton,united,1.95,3.5,3.75,A Marriner,Thu,-1,1,-0.3999999999999986,-0.20000000000000018,-2.2,0.5999999999999996,-0.8,0.0,0.7999999999999998,0.7999999999999999,0.0,0.40000000000000013,0.6,-1.0,-0.8,-20.0,0.0,-40.0,-4.0,-4,-7,-7,-6.0,3,0,-1.8,Falmer Stadium,W
2022-2023,2023-05-07,west-ham,united,3.4,3.75,2.05,P Bankes,Sun,1,1,-8.600000000000001,-3.3999999999999995,-2.2,-1.1999999999999993,-0.8,0.0,0.6000000000000001,1.6,-5.0,0.3999999999999999,1.2,-4.0,-1.2,-40.0,0.0,-40.0,0.0,-3,-3,-3,-3.0,1,0,1.35,London Stadium,W
2022-2023,2023-05-20,bournemouth,united,6.0,4.75,1.5,C Kavanagh,Sat,1,0,-6.600000000000001,-2.8000000000000003,-1.8000000000000007,-0.8000000000000007,-1.0,0.0,0.19999999999999996,1.2,-5.0,-0.20000000000000007,1.0,-6.0,-0.19999999999999996,0.0,-1.0,-20.0,-1.0,-8,-10,-10,-9.329999999999998,16,1,4.5,Dean Court,L
2022-2023,2022-10-01,fulham,newcastle,3.0,3.4,2.37,D England,Sat,0,0,-3.5999999999999996,-0.40000000000000036,-3.0,-2.8000000000000007,1.0,0.0,0.8,0.40000000000000013,2.0,-0.19999999999999996,0.19999999999999996,-2.0,1.0,60.0,1.0,-20.0,-1.0,-5,-1,0,-2.0,10,1,0.6299999999999999,Craven Cottage,L
2022-2023,2022-10-16,united,newcastle,1.95,3.8,3.5,C Pawson,Sun,-1,-5,-5.800000000000001,-1.0,-5.0,0.20000000000000107,1.4000000000000001,0.0,-0.20000000000000018,0.6000000000000001,-4.0,-0.3999999999999999,1.0,-7.0,0.7999999999999998,40.0,-1.0,0.0,-3.0,1,6,3,3.3299999999999983,-5,0,-1.55,Old Trafford,D
2022-2023,2022-10-23,tottenham,newcastle,2.05,3.5,3.5,J Gillett,Sun,0,0,-3.8000000000000007,-0.5999999999999996,-3.4000000000000004,-0.40000000000000036,0.0,0.2,-0.20000000000000018,0.7999999999999999,-5.0,-0.3999999999999999,0.6,-5.0,-0.40000000000000013,0.0,-1.0,-40.0,-6.0,0,5,6,3.6599999999999966,-7,0,-1.4500000000000002,Tottenham Hotspur Stadium,L
2022-2023,2022-11-06,southampton,newcastle,4.0,3.6,1.9,S Attwell,Sun,0,0,-5.200000000000001,-1.1999999999999997,-2.0,0.0,0.8,0.0,-1.7999999999999998,0.9999999999999999,-14.0,-0.7999999999999999,0.8,-8.0,-1.6,-60.0,-3.0,-40.0,-8.0,-4,0,-3,-2.3400000000000034,4,0,2.1,St Mary's Stadium,L
2022-2023,2022-12-26,leicester,newcastle,3.25,3.5,2.2,J Gillett,Mon,0,0,-3.0,0.20000000000000018,-2.6,-0.8000000000000007,-0.8,0.0,-0.3999999999999999,-0.2,-1.0,0.19999999999999996,0.0,1.0,-0.6000000000000001,-20.0,-3.0,-20.0,-8.0,-1,3,1,1.0,-3,0,1.0499999999999998,King Power Stadium,L
2022-2023,2023-01-03,arsenal,newcastle,1.8,3.8,4.33,A Madley,Tue,-1,0,3.3999999999999986,0.7999999999999998,1.2000000000000002,-0.40000000000000036,0.0,0.0,0.6000000000000001,0.39999999999999997,1.0,-0.4,0.2,-3.0,0.3999999999999999,20.0,5.0,0.0,-2.0,0,4,5,3.0,-6,0,-2.5300000000000002,Emirates Stadium,D
2022-2023,2023-01-21,palace,newcastle,4.4,3.5,1.85,C Pawson,Sat,0,-3,-1.5999999999999996,0.20000000000000018,-1.2000000000000002,1.0,-0.6000000000000001,0.4,-0.4,1.8,-11.0,-0.19999999999999996,0.4,-3.0,-1.4000000000000001,-40.0,-1.0,-60.0,-13.0,-3,0,-3,-2.0,1,0,2.5500000000000003,Selhurst Park,D
2022-2023,2023-02-11,bournemouth,newcastle,6.5,4.0,1.53,S Attwell,Sat,0,0,-4.0,-1.2000000000000002,-5.199999999999999,-0.5999999999999996,-0.3999999999999999,0.0,-0.2,1.6,-9.0,0.0,0.6000000000000001,-3.0,-1.2,-20.0,0.0,-80.0,-16.0,-6,-2,-5,-4.340000000000003,11,1,4.97,Dean Court,D
2022-2023,2023-03-04,city,newcastle,1.45,4.5,7.0,S Hooper,Sat,2,-2,2.799999999999999,1.2000000000000002,-1.5999999999999996,4.0,0.0,-0.2,1.6,0.19999999999999996,7.0,1.2000000000000002,-0.4,8.0,0.8,40.0,1.0,0.0,4.0,5,9,6,6.659999999999997,-10,0,-5.55,Etihad Stadium,W
2022-2023,2023-03-17,nottingham,newcastle,5.5,3.8,1.62,P Tierney,Fri,1,1,-4.0,-1.7999999999999998,-2.0,0.0,-1.0000000000000002,-0.2,0.0,1.0,-5.0,-0.39999999999999997,0.19999999999999996,-3.0,-0.6,-20.0,-1.0,-20.0,-1.0,-2,-2,-4,-2.6700000000000017,12,1,3.88,City Ground,L
2022-2023,2023-04-05,west-ham,newcastle,3.6,3.25,2.15,C Pawson,Wed,0,0,-3.8000000000000007,-1.5999999999999996,1.2000000000000002,0.0,-0.3999999999999999,-0.2,0.0,0.19999999999999996,-1.0,0.0,-0.4,2.0,-0.40000000000000013,-20.0,-2.0,0.0,-1.0,-1,2,0,0.3299999999999983,-4,0,1.4500000000000002,London Stadium,L
2022-2023,2023-04-08,brentford,newcastle,3.6,3.4,2.05,C Kavanagh,Sat,1,0,-5.799999999999999,-2.1999999999999997,-2.3999999999999995,0.40000000000000036,0.0,0.2,-1.0000000000000002,0.19999999999999996,-6.0,0.0,0.20000000000000007,-1.0,-1.4,-60.0,-4.0,-20.0,-4.0,-5,-3,-3,-3.6700000000000017,2,0,1.5500000000000003,Brentford Community Stadium,L
2022-2023,2023-04-15,aston-villa,newcastle,3.6,3.4,2.05,J Brooks,Sat,1,0,-4.199999999999999,-1.4000000000000004,-2.5999999999999996,-0.8000000000000007,0.7999999999999999,0.0,-0.6000000000000001,-0.4,-1.0,0.0,-0.19999999999999996,1.0,-0.3999999999999999,-20.0,-1.0,0.0,2.0,0,1,-1,0.0,3,0,1.5500000000000003,Villa Park,W
2022-2023,2023-04-27,everton,newcastle,4.75,3.6,1.73,A Marriner,Thu,1,1,-2.5999999999999996,-1.1999999999999993,-3.0,-0.40000000000000036,0.7999999999999999,0.4,-2.2,0.40000000000000013,-13.0,-1.2,-0.19999999999999996,-5.0,-1.7999999999999998,-80.0,-1.0,-20.0,0.0,-3,-1,-1,-1.6700000000000017,5,0,3.02,Goodison Park,L
2022-2023,2023-05-13,leeds,newcastle,4.33,4.2,1.7,S Hooper,Sat,1,1,-5.399999999999999,-2.3999999999999995,-5.0,2.8000000000000007,1.2000000000000002,0.0,-1.6,1.4,-15.0,-0.7999999999999999,0.6,-7.0,-1.6,-60.0,0.0,-40.0,0.0,-4,-2,-2,-2.6700000000000017,6,0,2.63,Elland Road,D
2022-2023,2023-05-28,chelsea,newcastle,2.9,3.5,2.38,J Gillett,Sun,0,-3,-7.599999999999998,-0.39999999999999947,-5.4,-2.799999999999999,0.40000000000000013,0.0,-0.40000000000000013,1.0000000000000002,-7.0,-0.39999999999999997,1.0,-7.0,-0.8,-20.0,0.0,-40.0,-3.0,4,1,4,3.0,-8,0,0.52,Stamford Bridge,D
2022-2023,2022-10-01,liverpool,brighton,1.33,5.25,8.5,A Madley,Sat,0,0,7.799999999999999,1.4000000000000004,2.6000000000000005,-0.40000000000000036,-0.19999999999999996,0.2,0.8,0.0,4.0,0.4,0.19999999999999996,1.0,-0.3999999999999999,-20.0,-1.0,0.0,2.0,8,9,8,8.329999999999998,-7,0,-7.17,Anfield,D
2022-2023,2022-10-14,brentford,brighton,3.1,3.4,2.3,M Salisbury,Fri,1,0,-3.1999999999999993,-1.7999999999999998,-0.40000000000000036,-0.8000000000000007,0.19999999999999996,0.0,-0.6000000000000001,0.6000000000000001,-6.0,-0.4,0.19999999999999996,-3.0,-0.3999999999999999,-20.0,0.0,0.0,0.0,-2,-1,-1,-1.3299999999999983,4,0,0.8000000000000003,Brentford Community Stadium,W
2022-2023,2022-10-22,city,brighton,1.2,7.0,13.0,C Pawson,Sat,0,2,1.0,0.0,-1.3999999999999995,-4.8,-0.9999999999999999,0.0,1.1999999999999997,-0.6000000000000001,9.0,0.8,-1.0,9.0,1.0,40.0,0.0,20.0,-1.0,9,11,9,9.670000000000002,-8,0,-11.8,Etihad Stadium,W
2022-2023,2022-11-05,wolves,brighton,3.3,3.3,2.25,G Scott,Sat,1,0,-3.799999999999999,-2.4,-2.6000000000000005,1.5999999999999996,-0.19999999999999996,0.2,-0.4,0.6000000000000001,-5.0,-0.39999999999999997,-0.20000000000000007,-1.0,0.0,0.0,-1.0,0.0,0.0,0,4,3,2.3299999999999983,1,0,1.0499999999999998,Molineux Stadium,L
2022-2023,2022-12-26,southampton,brighton,3.3,3.5,2.15,R Jones,Mon,1,1,-2.8000000000000007,-1.5999999999999996,-3.2,-2.4000000000000004,0.40000000000000013,0.0,-1.0,0.19999999999999996,-6.0,-0.7999999999999999,0.19999999999999996,-5.0,-0.5999999999999999,-20.0,0.0,-20.0,0.0,-2,1,-1,-0.6700000000000017,6,0,1.15,St Mary's Stadium,L
2022-2023,2023-01-03,everton,brighton,3.5,3.5,2.1,A Marriner,Tue,1,0,-2.1999999999999993,-2.3999999999999995,-3.4000000000000004,-2.0,-0.40000000000000013,0.0,-2.2,-0.3999999999999999,-9.0,-1.4000000000000001,0.0,-7.0,-1.4,-60.0,0.0,-20.0,1.0,0,2,4,2.0,7,0,1.4,Goodison Park,L
2022-2023,2023-01-21,leicester,brighton,3.6,3.5,2.05,T Bramall,Sat,1,0,-2.5999999999999996,-2.1999999999999997,-1.2000000000000002,1.3999999999999986,-0.6000000000000001,0.0,-2.0,0.0,-10.0,-0.4,0.6,-5.0,-1.2000000000000002,-40.0,-2.0,-40.0,-2.0,1,4,3,2.6700000000000017,-1,0,1.5500000000000003,King Power Stadium,D
2022-2023,2023-02-11,palace,brighton,3.8,3.5,2.0,M Oliver,Sat,1,0,-4.4,-2.8000000000000003,-0.20000000000000018,2.200000000000001,0.8,0.0,-2.0,0.20000000000000018,-11.0,-0.4,-0.19999999999999996,-1.0,-1.6,-60.0,-1.0,-40.0,-4.0,-1,1,-1,-0.3299999999999983,3,0,1.7999999999999998,Selhurst Park,D
2022-2023,2023-03-11,leeds,brighton,3.75,3.6,1.95,P Tierney,Sat,2,0,-6.799999999999999,-3.8,-0.7999999999999998,-0.5999999999999996,1.0,0.0,-1.0,0.3999999999999999,-7.0,-0.2,-0.2,0.0,-0.8,-20.0,-1.0,-40.0,-1.0,-2,0,2,0.0,8,0,1.8,Elland Road,D
2022-2023,2023-04-04,bournemouth,brighton,6.0,4.2,1.53,D Bond,Tue,2,0,-11.0,-3.9999999999999996,-4.199999999999999,-0.5999999999999996,1.4000000000000001,0.0,-0.8,1.0000000000000002,-9.0,-0.6,0.4,-5.0,-0.40000000000000013,0.0,1.0,-40.0,-3.0,-4,-3,-3,-3.3299999999999983,13,1,4.47,Dean Court,L
2022-2023,2023-04-08,tottenham,brighton,2.55,3.5,2.7,S Attwell,Sat,2,1,-5.0,-3.2,-2.8,2.799999999999999,1.0,0.2,-0.5999999999999999,0.19999999999999996,-4.0,-0.6,-0.6,0.0,-0.6000000000000001,-20.0,-1.0,-20.0,-2.0,2,5,9,5.329999999999998,-5,0,-0.15000000000000036,Tottenham Hotspur Stadium,W
2022-2023,2023-04-15,chelsea,brighton,2.63,3.4,2.63,R Jones,Sat,2,-4,-1.3999999999999986,-1.4000000000000004,0.6000000000000005,-1.799999999999999,1.4000000000000001,0.0,-0.8,-0.19999999999999996,-3.0,-0.7999999999999999,-0.20000000000000007,-3.0,-0.6000000000000001,-20.0,0.0,-20.0,0.0,6,3,8,5.670000000000002,-6,0,0.0,Stamford Bridge,L
2022-2023,2023-04-26,nottingham,brighton,6.0,4.2,1.53,J Gillett,Wed,3,1,-10.000000000000002,-5.0,-2.4000000000000004,1.0,1.4,0.0,-1.0,0.8,-9.0,-0.7999999999999999,-0.20000000000000007,-3.0,-1.8,-60.0,-1.0,-60.0,-1.0,0,0,0,0.0,14,1,4.47,City Ground,W
2022-2023,2023-05-14,arsenal,brighton,1.73,4.2,4.2,A Madley,Sun,2,1,-8.0,-1.4000000000000004,-3.4000000000000004,-0.20000000000000107,-0.6000000000000001,0.0,0.0,0.19999999999999996,-1.0,0.19999999999999996,0.0,1.0,-0.19999999999999996,-20.0,2.0,20.0,2.0,3,7,6,5.329999999999998,-4,0,-2.47,Emirates Stadium,L
2022-2023,2023-05-18,newcastle,brighton,2.0,3.8,3.5,R Jones,Thu,1,1,-0.8000000000000007,-0.20000000000000018,3.000000000000001,-2.0,-0.40000000000000013,0.0,0.6000000000000001,-0.20000000000000018,4.0,0.3999999999999999,-0.20000000000000007,3.0,0.19999999999999996,0.0,-1.0,20.0,0.0,2,2,4,2.6700000000000017,2,0,-1.5,St. James Park,W
2022-2023,2023-05-28,aston-villa,brighton,2.0,3.6,3.5,D Coote,Sun,0,4,-7.600000000000001,-2.8,0.5999999999999996,-4.799999999999999,0.5999999999999996,0.0,-1.0,-1.4000000000000001,2.0,0.0,-0.7999999999999999,4.0,0.0,0.0,0.0,0.0,0.0,2,3,3,2.6700000000000017,5,0,-1.5,Villa Park,W
2022-2023,2022-09-03,everton,liverpool,7.0,4.75,1.4,A Taylor,Sat,0,1,-6.200000000000001,-1.2000000000000002,-2.4000000000000004,1.200000000000001,1.7999999999999998,-0.2,-2.2,0.0,-11.0,-0.6,-0.4,-1.0,-1.0,-40.0,-2.0,-20.0,1.0,-8,-6,-8,-7.329999999999998,14,0,5.6,Goodison Park,D
2022-2023,2022-10-09,arsenal,liverpool,2.5,3.6,2.62,M Oliver,Sun,1,-2,-0.3999999999999986,-0.39999999999999947,-3.0,0.5999999999999996,1.4000000000000001,0.0,-0.7999999999999998,0.0,-4.0,-0.3999999999999999,-0.4,0.0,0.7999999999999998,40.0,2.0,0.0,-2.0,-6,-4,-1,-3.6599999999999966,3,0,-0.1200000000000001,Emirates Stadium,W
2022-2023,2022-10-22,nottingham,liverpool,11.0,6.0,1.25,P Tierney,Sat,1,1,-8.2,-3.2,-3.8,2.5999999999999996,0.7999999999999998,0.0,-0.7999999999999999,0.6000000000000001,-7.0,-0.19999999999999996,0.0,-1.0,-1.2000000000000002,-40.0,-2.0,-40.0,-1.0,-12,-11,-8,-10.329999999999998,21,1,9.75,City Ground,W
2022-2023,2022-11-06,tottenham,liverpool,3.3,3.6,2.1,A Madley,Sun,1,0,-0.40000000000000036,-1.0,-0.7999999999999989,0.5999999999999996,0.6000000000000001,0.0,0.3999999999999999,0.0,2.0,-0.39999999999999997,0.0,-2.0,0.6000000000000001,20.0,1.0,20.0,1.0,-6,-3,0,-3.0,2,0,1.1999999999999997,Tottenham Hotspur Stadium,L
2022-2023,2022-12-26,aston-villa,liverpool,4.75,4.0,1.7,P Tierney,Mon,1,6,-7.799999999999999,-2.8000000000000007,-4.2,2.1999999999999993,2.5999999999999996,0.2,0.40000000000000013,0.8,-2.0,-0.19999999999999996,0.4,-3.0,0.0,0.0,0.0,0.0,0.0,-5,-6,-5,-5.329999999999998,12,0,3.05,Villa Park,L
2022-2023,2023-01-02,brentford,liverpool,5.5,4.33,1.55,S Attwell,Mon,1,0,-8.2,-2.6000000000000005,-3.5999999999999996,-0.1999999999999993,2.0,0.0,-0.40000000000000013,0.0,-2.0,-1.0,-0.19999999999999996,-4.0,-0.5999999999999999,-40.0,-3.0,20.0,1.0,-10,-10,-9,-9.659999999999997,11,0,3.95,Brentford Community Stadium,W
2022-2023,2023-01-14,brighton,liverpool,3.4,3.6,2.1,D England,Sat,0,0,-4.0,-1.1999999999999993,0.6000000000000005,1.5999999999999996,1.0,0.0,0.3999999999999999,0.6000000000000001,-1.0,-0.6000000000000001,0.19999999999999996,-4.0,-0.5999999999999999,-20.0,1.0,-20.0,1.0,-8,-9,-8,-8.329999999999998,7,0,1.2999999999999998,Falmer Stadium,W
2022-2023,2023-02-04,wolves,liverpool,4.0,3.8,1.85,P Tierney,Sat,1,4,-4.0,-2.0,0.5999999999999996,1.1999999999999993,0.5999999999999999,0.0,-0.3999999999999999,-0.40000000000000013,0.0,-0.4,-0.19999999999999996,-1.0,0.0,0.0,0.0,0.0,-1.0,-8,-5,-5,-6.0,8,0,2.15,Molineux Stadium,W
2022-2023,2023-02-18,newcastle,liverpool,2.5,3.5,2.7,A Taylor,Sat,1,2,-1.4000000000000004,0.20000000000000018,3.0,-0.8000000000000007,0.19999999999999973,0.0,0.0,-1.4,7.0,0.2,-0.4,3.0,0.5999999999999999,0.0,-1.0,60.0,16.0,-6,-8,-6,-6.659999999999997,9,0,-0.20000000000000018,St. James Park,L
2022-2023,2023-02-25,palace,liverpool,4.75,3.8,1.73,D England,Sat,1,3,-5.799999999999999,-1.6000000000000005,-0.9999999999999996,-1.0,0.8,0.0,0.0,-0.19999999999999996,1.0,-0.6,0.0,-3.0,-0.5999999999999999,-40.0,-2.0,20.0,0.0,-8,-6,-7,-7.0,10,0,3.02,Selhurst Park,D
2022-2023,2023-03-11,bournemouth,liverpool,7.5,5.0,1.4,J Brooks,Sat,0,1,-5.6,-3.4000000000000004,-1.6000000000000005,-2.5999999999999996,-0.20000000000000018,0.0,-1.6,1.8,-17.0,-0.4,0.8,-6.0,-1.8,-60.0,-2.0,-60.0,-5.0,-11,-9,-12,-10.659999999999997,20,1,6.1,Dean Court,W
2022-2023,2023-04-01,city,liverpool,1.62,4.2,5.0,S Hooper,Sat,1,0,1.4000000000000004,-1.4000000000000004,1.1999999999999993,-0.40000000000000036,-0.40000000000000013,0.0,0.0,0.39999999999999997,-2.0,0.6,0.0,3.0,0.6000000000000001,20.0,3.0,20.0,6.0,0,5,1,2.0,-1,0,-3.38,Etihad Stadium,W
2022-2023,2023-04-04,chelsea,liverpool,2.2,3.4,3.25,A Taylor,Tue,1,0,3.599999999999998,0.20000000000000018,2.8,-1.5999999999999996,0.19999999999999973,0.0,-0.8,0.3999999999999999,-6.0,0.0,0.0,0.0,0.0,0.0,0.0,0.0,0.0,-1,-3,-1,-1.6599999999999966,1,0,-1.0499999999999998,Stamford Bridge,D
2022-2023,2023-04-17,leeds,liverpool,4.2,4.2,1.73,C Pawson,Mon,1,0,-0.5999999999999996,0.20000000000000018,0.20000000000000018,-1.200000000000001,0.0,0.0,0.0,1.4,-7.0,0.4,0.0,2.0,0.3999999999999999,20.0,0.0,0.0,-2.0,-9,-6,-7,-7.329999999999998,15,0,2.47,Elland Road,L
2022-2023,2023-04-26,west-ham,liverpool,3.9,3.9,1.85,C Kavanagh,Wed,0,-1,-0.1999999999999993,-0.39999999999999947,1.1999999999999993,-1.799999999999999,-0.8,0.0,-0.5999999999999999,-0.40000000000000013,-1.0,0.5999999999999999,0.20000000000000007,2.0,0.3999999999999999,20.0,-1.0,0.0,-1.0,-6,-2,-5,-4.329999999999998,5,0,2.05,London Stadium,L
2022-2023,2023-05-15,leicester,liverpool,5.25,4.33,1.57,C Pawson,Mon,0,-2,-1.4000000000000004,1.5999999999999996,-3.1999999999999997,1.4000000000000004,0.8000000000000003,0.0,-0.40000000000000013,1.2,-8.0,-0.6,1.4,-10.0,-2.0,-80.0,-6.0,-40.0,-8.0,-8,-2,-2,-4.0,6,0,3.6799999999999997,King Power Stadium,L
2022-2023,2023-05-28,southampton,liverpool,6.5,4.75,1.44,D England,Sun,0,-1,-4.799999999999999,-2.0000000000000004,-1.8000000000000007,-3.8000000000000007,0.0,0.0,-1.0,1.8,-14.0,-0.9999999999999999,0.6,-8.0,-2.6,-80.0,0.0,-100.0,-10.0,-8,-10,-8,-8.659999999999997,13,0,5.0600000000000005,St Mary's Stadium,D
2022-2023,2022-09-03,aston-villa,city,8.0,5.5,1.33,S Hooper,Sat,0,0,-7.200000000000001,-3.1999999999999997,-3.6,4.0,1.8,0.0,-3.0,0.8,-19.0,-1.2000000000000002,-0.20000000000000007,-5.0,-2.0,-60.0,-2.0,-80.0,-5.0,-7,-9,-5,-7.0,13,0,6.67,Villa Park,D
2022-2023,2022-09-17,wolves,city,9.5,5.0,1.33,A Taylor,Sat,0,7,-5.400000000000002,-4.2,-2.2,0.40000000000000036,1.7999999999999998,0.0,-3.2,-0.7999999999999999,-12.0,-0.9999999999999999,-0.8,-1.0,-1.0000000000000002,-40.0,1.0,-20.0,-3.0,-8,-7,-6,-7.0,9,0,8.17,Molineux Stadium,L
2022-2023,2022-10-16,liverpool,city,3.6,4.0,1.9,A Taylor,Sun,-1,-1,-0.1999999999999993,-0.39999999999999947,1.4000000000000004,2.999999999999999,0.8,0.0,-0.7999999999999998,0.5999999999999999,-7.0,-0.8000000000000003,1.0,-9.0,-1.0,-40.0,-3.0,-20.0,-9.0,-1,-2,-1,-1.3400000000000034,1,0,1.7000000000000002,Anfield,W
2022-2023,2022-10-29,leicester,city,10.0,6.5,1.25,R Jones,Sat,1,2,-7.0,-2.5999999999999996,-2.5999999999999996,8.2,1.2000000000000002,0.0,-1.0,-0.6,-2.0,-0.3999999999999999,0.0,-2.0,-0.3999999999999999,-20.0,1.0,0.0,2.0,-8,-7,-6,-7.0,7,0,8.75,King Power Stadium,L
2022-2023,2022-12-28,leeds,city,9.5,6.0,1.29,S Attwell,Wed,0,4,-2.799999999999999,-0.7999999999999998,-2.0,1.200000000000001,0.0,0.0,0.8000000000000003,1.6,-4.0,0.19999999999999996,0.9999999999999999,-4.0,-0.6000000000000001,-20.0,0.0,-20.0,0.0,-10,-10,-7,-9.0,16,0,8.21,Elland Road,L
2022-2023,2023-01-05,chelsea,city,5.0,4.0,1.67,P Tierney,Thu,0,-1,-10.999999999999998,-2.1999999999999997,-3.799999999999999,1.4000000000000004,0.20000000000000018,-0.2,-0.8,0.3999999999999999,-6.0,-0.20000000000000007,0.19999999999999996,-2.0,-1.2,-40.0,0.0,-40.0,0.0,-3,0,-2,-1.6700000000000017,2,0,3.33,Stamford Bridge,L
2022-2023,2023-01-14,united,city,4.2,3.6,1.85,S Attwell,Sat,0,1,-5.200000000000001,1.2000000000000002,-1.0,1.6000000000000014,0.0,-0.2,0.3999999999999999,-0.19999999999999996,3.0,0.19999999999999996,0.0,1.0,0.3999999999999999,20.0,3.0,0.0,1.0,-6,-4,-4,-4.670000000000002,5,0,2.35,Old Trafford,W
2022-2023,2023-02-05,tottenham,city,4.33,4.2,1.73,A Madley,Sun,1,-1,-1.200000000000001,0.20000000000000018,0.0,3.1999999999999993,2.0,0.0,-0.6000000000000001,0.6000000000000001,-6.0,0.19999999999999996,0.0,1.0,-0.8,-20.0,-1.0,-40.0,-1.0,-7,-5,-1,-4.340000000000003,3,0,2.6,Tottenham Hotspur Stadium,W
2022-2023,2023-02-15,arsenal,city,2.9,3.5,2.35,A Taylor,Wed,-1,1,5.600000000000001,-0.7999999999999998,0.6000000000000005,-0.40000000000000036,0.40000000000000013,0.0,-1.0000000000000002,-0.3999999999999999,-3.0,-0.20000000000000007,-0.39999999999999997,1.0,-0.19999999999999996,-20.0,-1.0,20.0,0.0,-7,-6,-2,-5.0,4,0,0.5499999999999998,Emirates Stadium,L
2022-2023,2023-02-18,nottingham,city,8.5,5.5,1.3,G Scott,Sat,-1,4,-1.5999999999999996,-3.8,-3.0,-0.20000000000000107,0.19999999999999996,0.0,-1.6,-0.4,-6.0,-0.6,-0.4,-1.0,-0.3999999999999999,-20.0,-2.0,0.0,-2.0,-13,-13,-9,-11.670000000000002,22,1,7.2,City Ground,D
2022-2023,2023-02-25,bournemouth,city,10.0,5.75,1.29,P Tierney,Sat,-1,4,-5.800000000000001,-3.8,-3.2,-2.799999999999999,0.0,0.0,-1.4,0.19999999999999996,-8.0,-0.7999999999999999,0.0,-4.0,-1.0,-40.0,1.0,-20.0,-1.0,-11,-14,-13,-12.659999999999997,21,1,8.71,Dean Court,L
2022-2023,2023-03-11,palace,city,9.0,4.75,1.36,R Jones,Sat,-1,0,-9.600000000000001,-4.199999999999999,-2.8,0.8000000000000007,1.0,0.2,-2.0,0.19999999999999996,-11.0,-1.8,0.2,-10.0,-2.0,-80.0,-2.0,-40.0,-5.0,-8,-11,-8,-9.0,11,0,7.64,Selhurst Park,L
2022-2023,2023-04-08,southampton,city,11.0,6.0,1.25,R Jones,Sat,1,-1,-5.000000000000002,-1.2000000000000002,-2.0,2.0,0.20000000000000018,0.0,-1.5999999999999999,0.6,-11.0,-1.0,0.39999999999999997,-7.0,-1.6,-60.0,-4.0,-40.0,-7.0,-8,-15,-9,-10.659999999999997,14,0,9.75,St Mary's Stadium,L
2022-2023,2023-04-30,fulham,city,12.0,6.0,1.25,S Hooper,Sun,1,1,-2.0,-3.1999999999999997,0.40000000000000036,0.0,0.19999999999999996,0.0,-2.0,0.3999999999999999,-12.0,-0.9999999999999999,0.39999999999999997,-7.0,-1.8,-60.0,-7.0,-60.0,-10.0,-10,-11,-8,-9.659999999999997,20,1,10.75,Craven Cottage,L
2022-2023,2023-05-14,everton,city,9.0,4.75,1.36,A Taylor,Sun,1,1,-0.20000000000000107,-1.0,-1.9999999999999996,3.0,1.0,0.2,-0.9999999999999998,1.2,-11.0,-0.8,0.6000000000000001,-7.0,-2.0,-80.0,-9.0,-40.0,-11.0,-8,-10,-7,-8.329999999999998,15,0,7.64,Goodison Park,L
2022-2023,2023-05-24,brighton,city,4.0,4.33,1.75,S Hooper,Wed,0,0,4.199999999999999,-0.1999999999999993,-0.40000000000000036,5.0,2.0,0.0,-0.40000000000000013,1.6,-10.0,-0.9999999999999999,0.8,-9.0,-1.2,-40.0,-11.0,-40.0,-14.0,-7,-11,-10,-9.329999999999998,8,0,2.25,Falmer Stadium,D
2022-2023,2023-05-28,brentford,city,3.8,4.0,1.83,J Brooks,Sun,0,4,-2.0,0.20000000000000018,-1.5999999999999996,1.0,1.2,0.0,-0.19999999999999996,0.19999999999999996,-2.0,-0.6,0.39999999999999997,-5.0,-0.20000000000000018,0.0,2.0,-20.0,-14.0,-10,-12,-9,-10.329999999999998,12,0,1.9699999999999998,Brentford Community Stadium,W
2022-2023,2022-09-04,brighton,leicester,1.83,3.5,4.5,T Harrington,Sun,0,2,1.200000000000001,1.2000000000000002,0.0,1.5999999999999996,0.0,0.0,0.0,-1.6,8.0,0.39999999999999997,-0.6,5.0,1.8,60.0,0.0,60.0,0.0,-1,-7,-5,-4.329999999999998,1,0,-2.67,Falmer Stadium,W
2022-2023,2022-09-17,tottenham,leicester,1.45,4.5,7.0,S Hooper,Sat,0,-6,6.0,3.2,2.1999999999999997,1.5999999999999996,0.8000000000000003,0.0,0.40000000000000013,-1.9999999999999998,12.0,0.19999999999999996,-0.8,5.0,2.2,60.0,1.0,100.0,6.0,0,1,3,1.3400000000000034,-4,0,-5.55,Tottenham Hotspur Stadium,W
2022-2023,2022-10-08,bournemouth,leicester,3.6,3.4,2.05,M Salisbury,Sat,0,2,-6.800000000000001,-2.8,-0.6000000000000001,1.0,-0.20000000000000018,0.0,-1.0,-0.3999999999999999,-3.0,-1.4,0.3999999999999999,-9.0,0.6,0.0,-1.0,60.0,3.0,-5,-5,-6,-5.340000000000003,14,1,1.5500000000000003,Dean Court,W
2022-2023,2022-10-23,wolves,leicester,2.25,3.25,3.25,M Oliver,Sun,0,2,-3.200000000000001,-2.4,0.0,-3.0,-0.6000000000000001,0.2,-1.4,0.3999999999999999,-9.0,-1.4000000000000001,0.4,-9.0,-0.7999999999999999,-20.0,-1.0,-40.0,-2.0,-1,0,0,-0.3400000000000034,2,0,-1.0,Molineux Stadium,L
2022-2023,2022-11-05,everton,leicester,2.4,3.3,3.0,D Coote,Sat,0,0,-1.7999999999999998,-1.6,-0.6000000000000001,-2.200000000000001,1.4,0.0,-0.5999999999999999,0.4,-5.0,-0.6,0.6,-6.0,-0.5999999999999999,-20.0,0.0,-20.0,2.0,-1,-2,1,-0.6700000000000017,8,0,-0.6000000000000001,Goodison Park,L
2022-2023,2022-11-12,west-ham,leicester,2.05,3.4,3.75,J Gillett,Sat,0,-1,3.0,-0.9999999999999996,3.0,-3.1999999999999993,0.0,0.0,-0.8,0.8,-8.0,-0.6,0.8,-7.0,-1.2,-40.0,-1.0,-40.0,-1.0,1,1,0,0.6599999999999966,-1,0,-1.7000000000000002,London Stadium,L
2022-2023,2022-12-30,liverpool,leicester,1.29,6.0,9.5,C Pawson,Fri,-1,0,5.399999999999999,2.8,5.0,1.0,-0.2,0.0,0.19999999999999996,0.3999999999999999,-1.0,0.8,-0.19999999999999996,5.0,0.0,0.0,3.0,0.0,3.0,7,5,5,5.659999999999997,-6,0,-8.21,Anfield,W
2022-2023,2023-01-14,nottingham,leicester,2.7,3.3,2.63,P Tierney,Sat,0,-1,-1.1999999999999993,-1.1999999999999997,-1.0,1.799999999999999,0.8,0.0,0.0,0.0,0.0,-0.19999999999999996,-0.3999999999999999,1.0,0.40000000000000013,0.0,1.0,40.0,2.0,-5,-6,-3,-4.670000000000002,15,1,0.07000000000000028,City Ground,W
2022-2023,2023-02-04,aston-villa,leicester,1.95,3.6,3.8,D England,Sat,0,3,4.0,2.1999999999999997,-2.8000000000000003,-2.5999999999999996,0.6000000000000001,0.0,0.7999999999999999,-1.0,9.0,-0.2,-0.7999999999999999,3.0,1.8,60.0,2.0,60.0,3.0,2,-1,0,0.3299999999999983,6,0,-1.8499999999999999,Villa Park,L
2022-2023,2023-02-19,united,leicester,1.62,4.33,5.25,S Attwell,Sun,1,-5,3.1999999999999993,0.7999999999999998,0.20000000000000018,-1.8000000000000007,-0.8000000000000003,0.2,-0.19999999999999996,-0.20000000000000018,0.0,-0.7999999999999999,-0.6,-1.0,0.20000000000000018,0.0,-1.0,20.0,0.0,2,3,2,2.3299999999999983,-2,0,-3.63,Old Trafford,W
2022-2023,2023-03-04,southampton,leicester,2.75,3.3,2.6,R Jones,Sat,0,-1,0.40000000000000036,0.6000000000000001,0.0,4.200000000000001,1.2,0.0,-1.6,-0.40000000000000013,-6.0,-0.9999999999999999,-0.6,-2.0,-0.7999999999999999,-20.0,0.0,-40.0,0.0,0,-8,-6,-4.659999999999997,7,0,0.1499999999999999,St Mary's Stadium,W
2022-2023,2023-03-18,brentford,leicester,1.91,3.6,3.75,D Bond,Sat,0,-4,-1.0,1.0000000000000004,1.1999999999999997,-1.0,-0.6000000000000001,-0.2,0.3999999999999999,-0.8,6.0,-0.4,-0.6,1.0,1.0,20.0,1.0,60.0,1.0,-2,-5,-6,-4.329999999999998,5,0,-1.84,Brentford Community Stadium,D
2022-2023,2023-04-01,palace,leicester,2.5,3.25,2.9,T Robinson,Sat,1,0,-6.0,-0.8000000000000003,0.5999999999999996,2.8000000000000007,0.6000000000000001,0.0,-0.2,-0.40000000000000013,1.0,-0.2,-0.19999999999999996,0.0,0.0,0.0,0.0,0.0,-1.0,0,-4,-5,-3.0,4,0,-0.3999999999999999,Selhurst Park,W
2022-2023,2023-04-15,city,leicester,1.14,8.5,15.0,D England,Sat,-1,-3,3.5999999999999996,1.9999999999999996,4.0,-0.8000000000000007,0.0,-0.4,2.2,-1.2000000000000002,17.0,0.7999999999999999,-0.8,8.0,2.8,100.0,5.0,80.0,8.0,8,7,3,6.0,-7,0,-13.86,Etihad Stadium,W
2022-2023,2023-04-25,leeds,leicester,2.3,3.5,3.0,P Tierney,Tue,0,0,2.200000000000001,0.1999999999999993,2.4000000000000004,-1.0,0.3999999999999999,-0.2,0.19999999999999996,1.8,-8.0,0.19999999999999996,-0.19999999999999996,2.0,0.0,0.0,-1.0,0.0,-1.0,-1,-4,-5,-3.3299999999999983,9,0,-0.7000000000000002,Elland Road,D
2022-2023,2023-05-08,fulham,leicester,2.63,3.5,2.6,R Jones,Mon,0,-2,-4.4,-1.7999999999999998,1.6,-1.8000000000000007,-0.40000000000000013,0.0,0.0,-0.40000000000000013,2.0,-0.19999999999999996,-0.3999999999999999,1.0,0.19999999999999996,20.0,0.0,-20.0,-3.0,-2,-4,-5,-3.6599999999999966,13,1,0.029999999999999805,Craven Cottage,W
2022-2023,2023-05-22,newcastle,leicester,1.36,5.5,7.0,A Marriner,Mon,0,-3,4.4,0.40000000000000036,5.199999999999999,-1.5999999999999996,-0.7999999999999998,0.0,1.0,-1.0,10.0,0.20000000000000007,-1.0,6.0,1.0,40.0,1.0,20.0,2.0,3,-2,-3,-0.6599999999999966,3,0,-5.64,St. James Park,D
2022-2023,2022-10-01,southampton,everton,2.15,3.4,3.4,A Marriner,Sat,0,0,-1.3999999999999986,-1.0000000000000004,-0.20000000000000018,4.6,-1.0,0.0,0.0,0.4,-2.0,0.0,0.6,-3.0,-0.19999999999999996,20.0,-1.0,-60.0,-5.0,-2,-1,-5,-2.6700000000000017,-1,0,-1.25,St Mary's Stadium,L
2022-2023,2022-10-15,tottenham,everton,1.5,4.5,6.5,P Tierney,Sat,0,-3,3.200000000000001,3.4000000000000004,-0.20000000000000018,2.0,0.0,0.2,1.2000000000000002,0.5999999999999999,3.0,0.7999999999999999,0.19999999999999996,3.0,0.3999999999999999,20.0,1.0,0.0,1.0,2,4,4,3.3299999999999983,-12,0,-5.0,Tottenham Hotspur Stadium,W
2022-2023,2022-10-19,newcastle,everton,1.6,3.8,5.75,T Harrington,Wed,0,-1,7.799999999999999,3.8000000000000003,3.6000000000000005,3.8000000000000007,-1.6,0.0,1.2,-0.4,8.0,0.8,-0.4,6.0,0.40000000000000013,0.0,0.0,40.0,5.0,2,-1,-2,-0.3299999999999983,-5,0,-4.15,St. James Park,W
2022-2023,2022-10-29,fulham,everton,2.37,3.4,3.0,J Brooks,Sat,0,-1,4.4,1.4,1.1999999999999997,-2.799999999999999,-1.4,0.2,0.8,1.0000000000000002,-1.0,0.4,0.7999999999999999,-2.0,0.19999999999999996,0.0,1.0,20.0,2.0,-3,-2,-2,-2.3299999999999983,5,1,-0.6299999999999999,Craven Cottage,D
2022-2023,2022-11-12,bournemouth,everton,2.8,3.25,2.6,C Pawson,Sat,0,0,2.0,2.0000000000000004,0.0,-1.5999999999999996,-1.2,0.0,0.7999999999999999,1.4,-3.0,0.8,0.4,2.0,-0.6000000000000001,-20.0,0.0,-20.0,0.0,-4,-3,-7,-4.670000000000002,6,1,0.19999999999999973,Dean Court,W
2022-2023,2022-12-31,city,everton,1.13,9.0,19.0,A Madley,Sat,-1,-2,7.799999999999999,1.5999999999999996,3.799999999999999,0.0,0.6000000000000001,0.2,1.2,-0.3999999999999999,8.0,0.6,-0.4,5.0,1.5999999999999999,60.0,1.0,40.0,1.0,9,9,5,7.670000000000002,-15,0,-17.87,Etihad Stadium,D
2022-2023,2023-01-21,west-ham,everton,1.8,3.75,4.75,S Attwell,Sat,0,0,5.200000000000001,0.6000000000000001,1.0,2.8000000000000007,0.19999999999999996,0.0,-0.20000000000000007,-0.3999999999999999,1.0,0.0,-0.19999999999999996,1.0,0.0,0.0,0.0,0.0,0.0,2,3,-1,1.3299999999999983,-9,0,-2.95,London Stadium,W
2022-2023,2023-02-13,liverpool,everton,1.5,4.33,6.5,S Hooper,Mon,-1,0,7.800000000000001,1.0,-0.39999999999999947,1.200000000000001,-0.3999999999999999,0.0,-0.20000000000000007,0.19999999999999996,-2.0,0.2,0.19999999999999996,0.0,0.0,0.0,-1.0,0.0,-1.0,8,7,4,6.329999999999998,-14,0,-5.0,Anfield,W
2022-2023,2023-03-01,arsenal,everton,1.36,4.75,10.0,M Oliver,Wed,0,0,5.0,0.0,0.0,-2.8000000000000007,-1.4,0.0,0.9999999999999999,0.19999999999999996,4.0,0.4,0.0,2.0,0.19999999999999996,0.0,2.0,20.0,2.0,4,6,3,4.329999999999998,-11,0,-8.64,Emirates Stadium,W
2022-2023,2023-03-05,nottingham,everton,2.7,3.0,2.88,J Brooks,Sun,-1,4,-1.5999999999999996,-1.8000000000000003,-1.8000000000000003,-3.0,-1.0,0.0,0.19999999999999996,0.0,1.0,0.2,0.0,1.0,-0.19999999999999996,-20.0,0.0,20.0,0.0,1,-1,-3,-1.0,7,1,-0.17999999999999972,City Ground,D
2022-2023,2023-03-18,chelsea,everton,1.5,4.2,7.5,D England,Sat,-1,0,0.6000000000000014,-1.0,1.5999999999999996,-0.40000000000000036,-0.3999999999999999,0.0,0.19999999999999996,-0.6000000000000001,4.0,0.0,0.0,0.0,0.0,0.0,1.0,0.0,0.0,7,2,5,4.670000000000002,-13,0,-6.0,Stamford Bridge,D
2022-2023,2023-04-08,united,everton,1.5,4.33,6.5,M Oliver,Sat,-1,-2,2.0,-0.5999999999999996,3.6000000000000005,-1.4000000000000004,-0.6000000000000001,-0.2,-0.3999999999999999,0.0,-2.0,-0.19999999999999996,-0.39999999999999997,1.0,0.19999999999999996,20.0,1.0,-20.0,-3.0,5,6,4,5.0,-10,0,-5.0,Old Trafford,W
2022-2023,2023-04-22,palace,everton,2.05,3.2,3.75,J Brooks,Sat,0,0,1.0,0.6000000000000005,1.1999999999999997,2.1999999999999993,0.20000000000000018,-0.2,1.0,-0.20000000000000018,6.0,-0.2,0.4,-3.0,0.8,40.0,3.0,0.0,3.0,0,-1,-1,-0.6700000000000017,-4,0,-1.7000000000000002,Selhurst Park,D
2022-2023,2023-05-01,leicester,everton,2.0,3.5,3.75,M Oliver,Mon,0,2,-1.0,-0.20000000000000018,0.7999999999999998,1.8000000000000007,0.0,-0.2,0.4,-0.3999999999999999,4.0,0.2,0.7999999999999999,-3.0,0.4,20.0,0.0,0.0,2.0,0,3,4,2.3299999999999983,-8,0,-1.75,King Power Stadium,D
2022-2023,2023-05-08,brighton,everton,1.33,5.25,9.0,S Hooper,Mon,-2,-3,5.600000000000001,1.7999999999999998,2.2,1.0,0.20000000000000018,-0.2,1.4000000000000001,-1.0000000000000002,12.0,0.9999999999999999,-0.4,7.0,1.4,60.0,2.0,20.0,1.0,1,-1,-3,-1.0,-7,0,-7.67,Falmer Stadium,L
2022-2023,2023-05-20,wolves,everton,2.75,3.3,2.6,D Coote,Sat,0,1,-3.4000000000000004,-3.2,1.5999999999999996,2.0,0.7999999999999998,-0.2,-0.8,0.0,-4.0,-0.20000000000000007,0.19999999999999996,-2.0,0.19999999999999996,20.0,0.0,-20.0,0.0,-2,3,0,0.3299999999999983,-6,0,0.1499999999999999,Molineux Stadium,D
2022-2023,2022-09-03,chelsea,west-ham,1.55,4.5,5.5,A Madley,Sat,0,1,0.5999999999999996,0.7999999999999998,3.6,1.1999999999999993,0.6000000000000001,0.4,0.7999999999999999,0.40000000000000013,2.0,0.6,0.0,3.0,0.5999999999999999,20.0,0.0,20.0,-2.0,6,6,4,5.329999999999998,-4,0,-3.95,Stamford Bridge,W
2022-2023,2022-09-18,everton,west-ham,2.9,3.25,2.5,M Oliver,Sun,0,7,2.0,1.4,1.5999999999999996,-3.0,0.8000000000000003,0.0,0.20000000000000007,-0.19999999999999996,2.0,0.4,-0.39999999999999997,4.0,0.0,-20.0,0.0,40.0,4.0,0,-1,-2,-1.0,9,0,0.3999999999999999,Goodison Park,W
2022-2023,2022-10-16,southampton,west-ham,2.9,3.4,2.4,P Bankes,Sun,0,5,-2.8000000000000007,-1.7999999999999998,-0.5999999999999996,2.3999999999999986,0.0,0.0,-0.7999999999999999,0.8,-8.0,0.0,0.6,-3.0,-0.7999999999999999,-20.0,-2.0,-40.0,-2.0,-4,-4,-4,-4.0,8,0,0.5,St Mary's Stadium,D
2022-2023,2022-10-19,liverpool,west-ham,1.4,5.0,7.0,S Attwell,Wed,-1,0,0.3999999999999986,0.40000000000000036,0.5999999999999996,1.5999999999999996,0.20000000000000018,0.0,0.20000000000000018,0.3999999999999999,-1.0,0.0,0.6,-3.0,0.20000000000000018,0.0,1.0,20.0,-2.0,6,4,5,5.0,-5,0,-5.6,Anfield,W
2022-2023,2022-10-30,united,west-ham,1.66,4.0,4.8,C Kavanagh,Sun,-1,0,-1.6000000000000014,1.2000000000000002,-1.2000000000000002,3.0,1.5999999999999999,0.0,0.0,1.0,-5.0,-0.19999999999999996,0.4,-3.0,-0.3999999999999999,-20.0,-1.0,0.0,3.0,1,2,2,1.6700000000000017,-1,0,-3.1399999999999997,Old Trafford,W
2022-2023,2022-12-26,arsenal,west-ham,1.5,4.33,6.5,M Oliver,Mon,-1,0,1.799999999999999,0.5999999999999996,-0.20000000000000018,0.20000000000000107,0.0,0.0,1.4,-1.0,12.0,0.19999999999999996,-0.8,5.0,2.0,60.0,3.0,80.0,8.0,0,0,4,1.3400000000000034,-2,0,-5.0,Emirates Stadium,W
2022-2023,2023-01-04,leeds,west-ham,2.6,3.5,2.6,D Coote,Wed,-1,-1,-0.6000000000000014,-1.0000000000000004,-1.2000000000000002,0.1999999999999993,0.3999999999999999,0.2,1.6,0.20000000000000018,7.0,0.4,0.0,2.0,1.4,40.0,0.0,60.0,1.0,-3,-4,-1,-2.6599999999999966,10,0,0.0,Elland Road,D
2022-2023,2023-01-14,wolves,west-ham,2.63,3.3,2.7,S Hooper,Sat,0,-4,-4.0,-0.3999999999999999,0.8000000000000007,0.40000000000000036,1.4,0.2,0.19999999999999996,-0.6000000000000001,4.0,0.20000000000000007,-0.4,3.0,0.6000000000000001,20.0,0.0,20.0,0.0,-2,-1,0,-1.0,3,0,-0.07000000000000028,Molineux Stadium,W
2022-2023,2023-02-04,newcastle,west-ham,1.6,3.8,6.0,P Bankes,Sat,0,-1,0.40000000000000036,0.7999999999999998,4.6000000000000005,-2.4000000000000004,0.6000000000000001,0.0,-0.19999999999999996,-1.6,7.0,-0.20000000000000007,-0.6,2.0,1.0,20.0,-1.0,60.0,14.0,0,-4,-1,-1.6599999999999966,4,0,-4.4,St. James Park,D
2022-2023,2023-02-19,tottenham,west-ham,1.75,3.6,4.75,M Oliver,Sun,1,-3,-0.5999999999999996,1.4,1.7999999999999998,2.4000000000000004,1.4000000000000001,0.2,-0.19999999999999996,1.0,-6.0,0.0,0.4,-2.0,0.0,20.0,0.0,-40.0,-3.0,0,1,5,2.0,-3,0,-3.0,Tottenham Hotspur Stadium,W
2022-2023,2023-03-04,brighton,west-ham,1.8,3.6,4.5,S Attwell,Sat,-2,1,6.399999999999999,3.9999999999999996,1.2000000000000002,1.0,0.3999999999999999,0.0,-0.20000000000000018,0.0,-1.0,-0.6000000000000001,-0.2,-2.0,0.0,0.0,-1.0,0.0,-1.0,-1,-4,-4,-3.0,2,0,-2.7,Falmer Stadium,W
2022-2023,2023-04-08,fulham,west-ham,2.8,3.25,2.63,J Gillett,Sat,0,4,-2.200000000000001,-0.19999999999999973,-4.8,4.199999999999999,1.5999999999999999,0.0,-0.3999999999999999,-0.19999999999999996,-1.0,-0.19999999999999996,0.19999999999999996,-2.0,-0.5999999999999999,-20.0,0.0,-20.0,0.0,-4,-4,-2,-3.3299999999999983,14,1,0.16999999999999993,Craven Cottage,L
2022-2023,2023-04-23,bournemouth,west-ham,2.88,3.2,2.55,A Taylor,Sun,1,5,0.0,1.6,-2.8,1.799999999999999,1.2000000000000002,0.0,0.0,0.0,0.0,-0.6,-0.19999999999999996,-2.0,0.19999999999999996,20.0,2.0,-20.0,0.0,-5,-7,-7,-6.329999999999998,15,1,0.33000000000000007,Dean Court,L
2022-2023,2023-04-29,palace,west-ham,2.63,3.25,2.75,C Pawson,Sat,1,1,4.999999999999998,0.5999999999999996,1.7999999999999998,2.200000000000001,0.8,0.0,0.0,-1.0,5.0,-1.2,-0.6,-3.0,0.6000000000000001,20.0,0.0,20.0,0.0,-2,-4,-2,-2.6700000000000017,5,0,-0.1200000000000001,Selhurst Park,W
2022-2023,2023-05-03,city,west-ham,1.2,7.0,13.0,J Brooks,Wed,-1,-1,2.0,2.8,1.0,-0.8000000000000007,0.8,0.0,1.1999999999999997,-0.6000000000000001,9.0,0.19999999999999996,-0.7999999999999999,5.0,1.6,60.0,8.0,40.0,11.0,6,7,6,6.329999999999998,-6,0,-11.8,Etihad Stadium,W
2022-2023,2023-05-14,brentford,west-ham,2.0,3.5,3.6,M Oliver,Sun,0,5,-2.4000000000000004,-0.8000000000000003,0.0,1.200000000000001,0.8,0.0,-0.8,-0.8,0.0,-1.2,-0.20000000000000007,-5.0,0.19999999999999996,0.0,-1.0,20.0,-1.0,-4,-5,-3,-4.0,6,0,-1.6,Brentford Community Stadium,W
2022-2023,2023-05-28,leicester,west-ham,1.91,3.8,3.6,S Hooper,Sun,0,-1,0.1999999999999993,0.0,-1.4000000000000004,3.1999999999999993,1.4000000000000001,0.0,-0.19999999999999996,0.20000000000000018,-2.0,-0.4,0.19999999999999996,-3.0,-0.6,-40.0,-1.0,20.0,0.0,-2,0,3,0.3299999999999983,1,0,-1.6900000000000002,King Power Stadium,W
2022-2023,2022-09-03,nottingham,bournemouth,1.95,3.5,3.8,M Oliver,Sat,0,0,6.2,0.8,0.8000000000000003,-1.0,1.0,0.0,0.0,-1.0,5.0,0.0,-1.2,6.0,0.0,0.0,0.0,0.0,-1.0,-1,-2,-2,-1.6700000000000017,1,0,-1.8499999999999999,City Ground,L
2022-2023,2022-09-17,newcastle,bournemouth,1.44,4.4,7.5,C Pawson,Sat,0,0,7.6,2.4000000000000004,4.199999999999999,2.4000000000000004,0.5999999999999999,0.0,0.4,-2.4000000000000004,14.0,0.6,-2.0,13.0,0.0,-20.0,-1.0,40.0,-1.0,5,3,5,4.329999999999998,-11,-1,-6.0600000000000005,St. James Park,D
2022-2023,2022-10-15,fulham,bournemouth,1.85,3.75,4.0,G Scott,Sat,0,-1,1.0,0.6000000000000001,-0.7999999999999998,-2.200000000000001,1.6,0.2,0.40000000000000013,1.5999999999999999,-6.0,0.2,0.6,-2.0,-0.6000000000000001,0.0,-1.0,-60.0,-5.0,1,1,5,2.3400000000000034,-1,0,-2.15,Craven Cottage,D
2022-2023,2022-10-24,west-ham,bournemouth,1.55,4.0,6.0,D Coote,Mon,0,0,5.999999999999998,1.4,1.6000000000000005,-2.000000000000001,0.0,0.0,0.19999999999999996,-0.19999999999999996,2.0,0.0,0.0,0.0,0.19999999999999996,20.0,0.0,-20.0,0.0,6,6,6,6.0,-15,-1,-4.45,London Stadium,W
2022-2023,2022-11-05,leeds,bournemouth,1.72,3.8,4.75,T Harrington,Sat,-1,0,4.4,0.20000000000000018,0.7999999999999998,2.200000000000001,0.19999999999999996,0.0,-0.19999999999999996,0.0,-1.0,0.0,0.3999999999999999,-2.0,-0.20000000000000007,0.0,1.0,-20.0,1.0,3,2,5,3.3400000000000034,-5,-1,-3.0300000000000002,Elland Road,W
2022-2023,2022-12-27,chelsea,bournemouth,1.3,5.5,10.0,S Hooper,Tue,-1,3,-1.1999999999999993,-1.6,1.4000000000000004,0.20000000000000107,0.3999999999999999,0.0,-1.2000000000000002,-0.6000000000000001,-3.0,-1.0,0.0,-5.0,-0.19999999999999996,-20.0,-1.0,20.0,-1.0,10,12,10,10.670000000000002,-19,-1,-8.7,Stamford Bridge,W
2022-2023,2023-01-03,united,bournemouth,1.29,5.5,11.0,M Salisbury,Tue,-1,0,5.0,0.7999999999999998,1.8000000000000003,-0.20000000000000107,0.40000000000000013,0.0,0.0,-1.4000000000000001,7.0,0.0,-0.6,3.0,1.7999999999999998,60.0,3.0,60.0,3.0,7,8,8,7.670000000000002,-16,-1,-9.71,Old Trafford,W
2022-2023,2023-01-14,brentford,bournemouth,1.65,4.0,5.25,J Gillett,Sat,0,0,-0.5999999999999996,0.5999999999999996,-1.0,-3.3999999999999995,-0.6000000000000001,0.0,1.0000000000000002,-1.0000000000000002,10.0,0.5999999999999999,-0.7999999999999999,7.0,1.6,40.0,2.0,80.0,6.0,2,0,2,1.3400000000000034,-9,-1,-3.6,Brentford Community Stadium,W
2022-2023,2023-02-04,brighton,bournemouth,1.33,5.25,8.5,C Pawson,Sat,-1,-4,3.8000000000000007,2.8,0.39999999999999947,-1.799999999999999,-0.19999999999999996,0.0,2.5999999999999996,-0.3999999999999999,15.0,0.6000000000000001,-0.6,6.0,1.8,60.0,0.0,60.0,2.0,4,1,3,2.6700000000000017,-13,-1,-7.17,Falmer Stadium,W
2022-2023,2023-02-18,wolves,bournemouth,1.67,3.6,6.0,M Salisbury,Sat,0,0,1.4000000000000004,-0.19999999999999973,0.7999999999999998,2.8000000000000007,0.0,0.2,0.9999999999999999,-0.6000000000000001,8.0,0.19999999999999996,-0.19999999999999996,2.0,1.6,60.0,2.0,40.0,1.0,4,5,6,5.0,-12,-1,-4.33,Molineux Stadium,L
2022-2023,2023-03-04,arsenal,bournemouth,1.22,7.0,12.0,C Kavanagh,Sat,1,-4,4.199999999999999,1.2000000000000002,2.6,-1.4000000000000004,-1.0,0.0,1.4000000000000001,-0.19999999999999996,8.0,0.4,-0.20000000000000007,3.0,1.0,40.0,3.0,20.0,3.0,7,10,9,8.659999999999997,-17,-1,-10.78,Emirates Stadium,W
2022-2023,2023-03-18,aston-villa,bournemouth,1.7,3.8,5.0,R Jones,Sat,0,-1,0.8000000000000007,0.6000000000000001,-0.5999999999999996,3.200000000000001,-0.8000000000000003,0.0,0.19999999999999996,0.0,1.0,0.20000000000000007,0.19999999999999996,0.0,0.0,0.0,-1.0,0.0,2.0,6,6,6,6.0,-8,-1,-3.3,Villa Park,W
2022-2023,2023-04-08,leicester,bournemouth,1.83,3.75,4.2,D Coote,Sat,0,0,1.8000000000000007,-1.0,-0.7999999999999998,0.7999999999999989,0.20000000000000018,0.4,-0.19999999999999996,0.0,-1.0,0.0,0.4,-2.0,-1.0,-40.0,0.0,-20.0,0.0,3,7,10,6.659999999999997,-14,-1,-2.37,King Power Stadium,L
2022-2023,2023-04-15,tottenham,bournemouth,1.45,4.5,7.0,A Madley,Sat,0,0,2.0,-0.20000000000000018,-1.0,1.799999999999999,0.0,0.2,1.0,0.19999999999999996,4.0,0.4,-0.39999999999999997,4.0,-0.19999999999999996,-20.0,0.0,20.0,3.0,6,8,12,8.659999999999997,-18,-1,-5.55,Tottenham Hotspur Stadium,L
2022-2023,2023-04-27,southampton,bournemouth,2.25,3.4,3.2,D England,Thu,0,2,-3.4000000000000004,-1.3999999999999995,-0.5999999999999996,-1.0,0.6000000000000001,0.0,0.19999999999999996,0.8,-3.0,0.0,-0.3999999999999999,2.0,-1.4,-60.0,0.0,-20.0,1.0,3,-1,4,2.0,-7,-1,-0.9500000000000002,St Mary's Stadium,L
2022-2023,2023-05-13,palace,bournemouth,1.83,3.6,4.2,M Salisbury,Sat,0,0,-0.5999999999999996,-1.5999999999999996,2.1999999999999993,2.8000000000000007,0.7999999999999998,0.0,-0.6000000000000001,-0.8,1.0,-0.20000000000000007,-0.3999999999999999,1.0,-0.40000000000000013,-20.0,0.0,0.0,0.0,3,3,5,3.6599999999999966,-10,-1,-2.37,Selhurst Park,W
2022-2023,2023-05-28,everton,bournemouth,1.5,4.5,6.5,S Attwell,Sun,0,0,3.8000000000000007,1.6,1.9999999999999996,1.0,0.3999999999999999,0.0,0.6000000000000001,0.8000000000000003,-1.0,0.20000000000000007,0.3999999999999999,-1.0,-0.19999999999999996,-20.0,0.0,20.0,1.0,3,4,6,4.329999999999998,-6,-1,-5.0,Goodison Park,W
2022-2023,2022-10-03,leicester,nottingham,1.75,4.0,4.33,R Jones,Mon,0,0,-0.5999999999999996,1.1999999999999997,0.20000000000000018,-1.799999999999999,-1.0,0.0,0.19999999999999996,0.20000000000000018,0.0,0.20000000000000007,0.19999999999999996,0.0,-0.2,0.0,0.0,-20.0,0.0,5,6,3,4.670000000000002,-15,-1,-2.58,King Power Stadium,W
2022-2023,2022-10-15,wolves,nottingham,1.7,3.75,5.0,T Bramall,Sat,0,2,1.4000000000000004,0.0,1.7999999999999998,-2.5999999999999996,-0.5999999999999999,0.2,-0.8,-1.7999999999999998,5.0,-0.6000000000000001,-0.5999999999999999,0.0,0.6000000000000001,20.0,0.0,20.0,-1.0,4,6,3,4.329999999999998,-13,-1,-3.3,Molineux Stadium,W
2022-2023,2022-10-18,brighton,nottingham,1.4,4.75,7.0,D England,Tue,-1,1,4.6,3.6000000000000005,2.8000000000000003,-1.5999999999999996,-1.6,0.0,0.8,-0.3999999999999999,6.0,0.0,0.19999999999999996,-1.0,0.6000000000000001,20.0,0.0,20.0,0.0,4,2,0,2.0,-14,-1,-5.6,Falmer Stadium,D
2022-2023,2022-10-30,arsenal,nottingham,1.2,7.0,12.0,S Hooper,Sun,-1,-5,5.6000000000000005,3.0,0.7999999999999998,-3.1999999999999993,-0.7999999999999998,0.0,1.8000000000000003,-0.3999999999999999,11.0,1.2,-0.4,8.0,1.6,60.0,-1.0,40.0,3.0,6,7,7,6.670000000000002,-18,-1,-10.8,Emirates Stadium,W
2022-2023,2022-12-27,united,nottingham,1.29,5.5,11.0,A Taylor,Tue,-1,0,7.4,2.6,2.8,-1.200000000000001,0.6000000000000001,0.0,0.5999999999999999,-0.3999999999999999,5.0,0.39999999999999997,0.0,2.0,0.3999999999999999,20.0,0.0,0.0,-1.0,7,9,5,7.0,-17,-1,-9.71,Old Trafford,W
2022-2023,2023-01-04,southampton,nottingham,2.0,3.5,3.8,T Bramall,Wed,0,1,2.5999999999999996,0.40000000000000036,0.3999999999999999,0.0,0.20000000000000018,0.0,0.0,0.3999999999999999,-2.0,0.0,0.6000000000000001,-3.0,-1.0,-20.0,0.0,-60.0,-1.0,2,3,-1,1.3299999999999983,-8,-1,-1.7999999999999998,St Mary's Stadium,L
2022-2023,2023-01-21,bournemouth,nottingham,2.75,3.1,2.75,A Madley,Sat,0,0,-2.0,1.0,1.0,-0.8000000000000007,0.6000000000000001,0.0,-0.4,1.0,-7.0,0.2,0.6,-2.0,-1.4,-40.0,-2.0,-60.0,-3.0,0,1,-3,-0.6700000000000017,-1,0,0.0,Dean Court,D
2022-2023,2023-02-11,fulham,nottingham,1.91,3.5,4.33,A Madley,Sat,1,-3,-4.0,-0.8000000000000003,1.2000000000000002,-1.3999999999999986,1.4,0.0,-0.6,0.19999999999999996,-4.0,0.0,-0.2,1.0,-0.8000000000000003,-20.0,-1.0,-40.0,-4.0,1,2,2,1.6700000000000017,-2,0,-2.42,Craven Cottage,W
2022-2023,2023-02-25,west-ham,nottingham,1.75,3.6,5.0,J Gillett,Sat,0,-1,-0.40000000000000036,-0.3999999999999999,1.6,-0.8000000000000007,-0.6000000000000001,0.0,-0.19999999999999996,0.19999999999999996,-2.0,0.6000000000000001,-0.19999999999999996,4.0,-0.6000000000000001,-20.0,0.0,-20.0,-1.0,1,4,4,3.0,-16,-1,-3.25,London Stadium,W
2022-2023,2023-03-11,tottenham,nottingham,1.44,4.75,7.0,C Pawson,Sat,1,-3,6.0,2.2,3.0,4.4,0.0,0.2,0.3999999999999999,-0.8,6.0,0.0,-0.20000000000000007,1.0,0.8,40.0,0.0,0.0,-1.0,2,5,9,5.329999999999998,-19,-1,-5.5600000000000005,Tottenham Hotspur Stadium,W
2022-2023,2023-04-04,leeds,nottingham,1.7,3.75,5.0,R Jones,Tue,0,0,1.1999999999999993,-0.6000000000000005,0.8000000000000007,-0.8000000000000007,-0.3999999999999999,0.0,0.6000000000000001,-0.5999999999999999,6.0,-0.19999999999999996,-0.6,2.0,0.9999999999999999,40.0,0.0,20.0,-1.0,-2,0,2,0.0,-6,-1,-3.3,Elland Road,W
2022-2023,2023-04-08,aston-villa,nottingham,1.6,4.2,5.25,A Taylor,Sat,0,0,1.1999999999999993,0.20000000000000018,-0.20000000000000018,-2.0,-2.0,0.0,0.6000000000000001,-1.6,11.0,0.19999999999999996,-0.9999999999999999,6.0,2.2,80.0,3.0,60.0,6.0,2,3,3,2.6700000000000017,-9,-1,-3.65,Villa Park,W
2022-2023,2023-04-22,liverpool,nottingham,1.17,7.5,17.0,M Oliver,Sat,-1,-1,2.5999999999999996,2.1999999999999997,-0.39999999999999947,-1.8000000000000007,-1.4,0.0,1.2000000000000002,-0.19999999999999996,7.0,0.20000000000000007,0.0,1.0,0.8,20.0,1.0,40.0,3.0,7,6,9,7.329999999999998,-21,-1,-15.83,Anfield,W
2022-2023,2023-04-29,brentford,nottingham,1.65,3.8,5.5,P Bankes,Sat,0,0,-1.4000000000000004,0.6000000000000001,0.0,-0.40000000000000036,-1.0,0.0,-0.3999999999999999,-0.8,2.0,0.0,-0.4,2.0,0.20000000000000007,0.0,0.0,20.0,1.0,-3,-1,1,-1.0,-10,-1,-3.85,Brentford Community Stadium,W
2022-2023,2023-05-13,chelsea,nottingham,1.5,4.5,6.0,P Tierney,Sat,-1,2,2.200000000000001,-0.19999999999999973,2.5999999999999996,-2.0,1.0,0.0,-1.0,-0.40000000000000013,-3.0,-0.6,0.7999999999999999,-7.0,-0.6,-20.0,0.0,-20.0,0.0,6,3,8,5.670000000000002,-20,-1,-4.5,Stamford Bridge,D
2022-2023,2023-05-28,palace,nottingham,1.67,4.0,5.0,J Bramall,Sun,0,0,4.4,1.2000000000000002,5.199999999999999,-1.5999999999999996,0.19999999999999996,0.0,-0.6000000000000001,0.0,-3.0,-0.3999999999999999,0.6,-5.0,-0.6000000000000001,-20.0,-1.0,-20.0,-1.0,-1,0,2,0.3299999999999983,-11,-1,-3.33,Selhurst Park,D
2022-2023,2022-09-03,newcastle,palace,2.0,3.5,3.75,M Salisbury,Sat,0,-1,3.1999999999999993,1.0,3.6000000000000005,-1.8000000000000007,0.0,0.0,0.0,-0.6000000000000001,3.0,-0.20000000000000007,0.0,-1.0,0.19999999999999996,0.0,0.0,20.0,-1.0,2,1,1,1.3299999999999983,-1,0,-1.75,St. James Park,D
2022-2023,2022-10-15,leicester,palace,2.3,3.4,3.1,A Madley,Sat,1,1,1.3999999999999986,0.40000000000000036,-1.7999999999999998,-0.40000000000000036,0.0,0.0,0.6000000000000001,1.1999999999999997,-3.0,0.8,0.6,1.0,-0.4,0.0,-1.0,-40.0,-1.0,2,3,4,3.0,-4,0,-0.8000000000000003,King Power Stadium,D
2022-2023,2022-10-22,everton,palace,2.6,3.2,2.87,S Hooper,Sat,1,-1,-5.199999999999999,-2.6000000000000005,-0.40000000000000036,-2.5999999999999996,1.0,0.0,-0.19999999999999996,0.3999999999999999,-3.0,-0.2,0.0,-1.0,-0.40000000000000013,0.0,-1.0,-40.0,-3.0,1,1,5,2.3299999999999983,4,0,-0.27,Goodison Park,W
2022-2023,2022-11-06,west-ham,palace,1.9,3.4,4.2,P Tierney,Sun,1,-5,5.400000000000002,1.7999999999999998,2.6000000000000005,-5.6000000000000005,-2.0,0.0,0.19999999999999996,-0.19999999999999996,2.0,0.0,0.20000000000000007,-1.0,-0.6000000000000001,-20.0,-1.0,-20.0,-1.0,3,4,4,3.6599999999999966,-5,0,-2.3000000000000003,London Stadium,L
2022-2023,2022-11-12,nottingham,palace,3.1,3.1,2.45,J Brooks,Sat,1,0,-3.0,0.3999999999999999,-1.5999999999999996,-0.3999999999999986,-1.0,0.0,-0.4,0.6000000000000001,-5.0,-0.2,-0.19999999999999996,0.0,-1.0,-40.0,-2.0,-20.0,-1.0,-3,-3,1,-1.6700000000000017,11,1,0.6499999999999999,City Ground,W
2022-2023,2022-12-31,bournemouth,palace,2.8,3.3,2.5,A Marriner,Sat,1,-1,-0.5999999999999996,3.0,-1.3999999999999995,-1.200000000000001,-1.0,-0.4,1.0,0.6000000000000001,2.0,0.6,0.20000000000000007,2.0,-0.6,-20.0,0.0,-20.0,0.0,-3,-2,-2,-2.3400000000000034,10,1,0.2999999999999998,Dean Court,L
2022-2023,2023-01-15,chelsea,palace,1.62,4.0,5.25,P Bankes,Sun,1,-5,-1.1999999999999993,1.0,-1.3999999999999995,0.7999999999999989,0.40000000000000013,-0.2,0.0,-0.8,4.0,0.0,-0.2,1.0,-0.3999999999999999,-20.0,0.0,0.0,0.0,7,10,8,8.329999999999998,-9,0,-3.63,Stamford Bridge,W
2022-2023,2023-02-04,united,palace,1.4,4.75,8.0,A Marriner,Sat,0,-7,0.5999999999999996,0.5999999999999996,-2.2,-0.5999999999999996,-0.3999999999999999,0.0,1.2000000000000002,-0.19999999999999996,7.0,0.19999999999999996,0.0,1.0,1.0,40.0,0.0,20.0,-2.0,4,6,6,5.329999999999998,-6,0,-6.6,Old Trafford,W
2022-2023,2023-02-18,brentford,palace,1.83,3.5,4.5,P Tierney,Sat,0,0,1.799999999999999,0.3999999999999999,0.20000000000000018,-2.1999999999999993,-1.8000000000000003,0.0,1.2000000000000002,-0.6,9.0,1.0,-0.4,7.0,1.6,60.0,0.0,40.0,9.0,-1,-2,0,-1.0,1,0,-2.67,Brentford Community Stadium,D
2022-2023,2023-03-04,aston-villa,palace,2.05,3.3,3.8,C Pawson,Sat,0,0,3.8000000000000007,2.4000000000000004,0.0,1.4000000000000004,-1.4,0.0,1.0,1.4000000000000001,-2.0,0.8,1.2,-2.0,0.3999999999999999,40.0,1.0,-40.0,-2.0,3,3,1,2.3400000000000034,2,0,-1.75,Villa Park,W
2022-2023,2023-03-15,brighton,palace,1.44,4.2,8.0,P Bankes,Wed,-2,0,12.599999999999998,5.2,3.8000000000000003,-1.0,-1.6,-0.2,1.2000000000000002,0.0,6.0,0.4,0.0,2.0,1.0,40.0,0.0,20.0,2.0,1,0,-2,-0.3299999999999983,-3,0,-6.5600000000000005,Falmer Stadium,W
2022-2023,2023-03-19,arsenal,palace,1.25,5.5,15.0,S Attwell,Sun,0,-1,11.399999999999999,4.199999999999999,5.2,-6.800000000000001,-1.6,-0.2,2.8,0.0,14.0,1.2,0.19999999999999996,5.0,2.6,100.0,5.0,60.0,5.0,4,7,4,5.0,-7,0,-13.75,Emirates Stadium,W
2022-2023,2023-04-09,leeds,palace,2.1,3.4,3.6,S Hooper,Sun,0,-3,1.0,1.0,1.0,-3.5999999999999996,-0.40000000000000013,-0.2,1.2000000000000002,0.3999999999999999,4.0,0.8,-0.20000000000000007,5.0,0.7999999999999999,20.0,0.0,40.0,0.0,-1,0,0,-0.3299999999999983,5,0,-1.5,Elland Road,L
2022-2023,2023-04-15,southampton,palace,2.8,3.1,2.7,M Oliver,Sat,0,1,-2.8000000000000007,-1.5999999999999996,0.0,-1.5999999999999996,-1.0,0.0,-0.8,0.3999999999999999,-6.0,-0.2,0.0,-1.0,-0.7999999999999999,-40.0,-2.0,0.0,-2.0,0,-4,-1,-1.6599999999999966,3,0,0.09999999999999964,St Mary's Stadium,L
2022-2023,2023-04-25,wolves,palace,2.45,3.2,3.0,R Jones,Tue,0,0,-1.799999999999999,0.0,0.0,3.0,1.4,0.2,-0.6000000000000001,0.19999999999999996,-4.0,0.39999999999999997,0.0,2.0,-0.6000000000000001,-20.0,0.0,-20.0,-4.0,-2,4,1,1.0,-2,0,-0.5499999999999998,Molineux Stadium,W
2022-2023,2023-05-06,tottenham,palace,1.8,3.8,4.2,D Madley,Sat,0,-1,1.0,1.1999999999999993,-2.1999999999999993,-1.1999999999999993,0.3999999999999999,0.0,-0.20000000000000018,2.0,-11.0,-0.20000000000000007,1.5999999999999999,-9.0,-1.2,-40.0,-1.0,-40.0,-1.0,3,5,7,5.0,-8,0,-2.4000000000000004,Tottenham Hotspur Stadium,W
2022-2023,2023-05-20,fulham,palace,2.45,3.4,2.9,J Smith,Sat,0,0,-5.199999999999999,-0.7999999999999998,-4.6000000000000005,1.1999999999999993,-1.6,0.0,0.40000000000000013,0.19999999999999996,1.0,0.0,0.0,0.0,-0.19999999999999996,0.0,1.0,-20.0,1.0,-2,0,0,-0.6599999999999966,9,1,-0.44999999999999973,Craven Cottage,D
